"../../../Engine/Plugins/Animation/ACLPlugin/Content/ACLAnimCurveCompressionSettings.uasset" 0
"../../../Engine/Plugins/Animation/ACLPlugin/Content/ACLAnimCurveCompressionSettings.uexp" 1
"../../../Engine/Plugins/2D/Paper2D/Content/PlaceholderTextures/DummySpriteTexture.ubulk" 2
"../../../Engine/Plugins/2D/Paper2D/Content/PlaceholderTextures/DummySpriteTexture.uasset" 3
"../../../Engine/Plugins/2D/Paper2D/Content/PlaceholderTextures/DummySpriteTexture.uexp" 4
"../../../Engine/Plugins/2D/Paper2D/Content/DummySprite.uasset" 5
"../../../Engine/Plugins/2D/Paper2D/Content/DummySprite.uexp" 6
"../../../Engine/Plugins/2D/Paper2D/Content/DefaultPaperTerrainMaterial.uasset" 7
"../../../Engine/Plugins/2D/Paper2D/Content/DefaultPaperTerrainMaterial.uexp" 8
"../../../Engine/Content/Animation/DefaultRecorderBoneCompression.uasset" 9
"../../../Engine/Content/Animation/DefaultRecorderBoneCompression.uexp" 10
"../../../Engine/Plugins/Animation/ControlRig/Content/Controls/DefaultGizmoLibraryNormalized.uasset" 11
"../../../Engine/Plugins/Animation/ControlRig/Content/Controls/DefaultGizmoLibraryNormalized.uexp" 12
"../../../Engine/Content/EngineSounds/Master.uasset" 13
"../../../Engine/Content/EngineSounds/Master.uexp" 14
"../../../Engine/Content/EngineMaterials/DefaultPhysicalMaterial.uasset" 15
"../../../Engine/Content/EngineMaterials/DefaultPhysicalMaterial.uexp" 16
"../../../Engine/Content/EngineMaterials/DefaultDestructiblePhysicalMaterial.uasset" 17
"../../../Engine/Content/EngineMaterials/DefaultDestructiblePhysicalMaterial.uexp" 18
"../../../Engine/Content/EngineFonts/Faces/DroidSansFallback.uexp" 19
"../../../Engine/Content/EngineFonts/Faces/DroidSansFallback.uasset" 20
"../../../Engine/Content/EngineFonts/Faces/DroidSansFallback.ufont" 21
"../../../Engine/Content/EngineFonts/Faces/RobotoBold.uexp" 22
"../../../Engine/Content/EngineFonts/Faces/RobotoBold.uasset" 23
"../../../Engine/Content/EngineFonts/Faces/RobotoBold.ufont" 24
"../../../Engine/Content/EngineFonts/Faces/RobotoBoldItalic.uexp" 25
"../../../Engine/Content/EngineFonts/Faces/RobotoBoldItalic.uasset" 26
"../../../Engine/Content/EngineFonts/Faces/RobotoBoldItalic.ufont" 27
"../../../Engine/Content/EngineFonts/Faces/RobotoItalic.uexp" 28
"../../../Engine/Content/EngineFonts/Faces/RobotoItalic.uasset" 29
"../../../Engine/Content/EngineFonts/Faces/RobotoItalic.ufont" 30
"../../../Engine/Content/EngineFonts/Faces/RobotoLight.uexp" 31
"../../../Engine/Content/EngineFonts/Faces/RobotoLight.uasset" 32
"../../../Engine/Content/EngineFonts/Faces/RobotoLight.ufont" 33
"../../../Engine/Content/EngineFonts/Faces/RobotoRegular.uexp" 34
"../../../Engine/Content/EngineFonts/Faces/RobotoRegular.uasset" 35
"../../../Engine/Content/EngineFonts/Faces/RobotoRegular.ufont" 36
"../../../Engine/Content/EngineFonts/Roboto.uasset" 37
"../../../Engine/Content/EngineFonts/Roboto.uexp" 38
"../../../Engine/Content/EngineFonts/Faces/DroidSansMono.uexp" 39
"../../../Engine/Content/EngineFonts/Faces/DroidSansMono.uasset" 40
"../../../Engine/Content/EngineFonts/Faces/DroidSansMono.ufont" 41
"../../../Engine/Content/EngineFonts/DroidSansMono.uasset" 42
"../../../Engine/Content/EngineFonts/DroidSansMono.uexp" 43
"../../../Engine/Plugins/Interchange/Runtime/Content/Pipelines/DefaultTexturePipeline.uasset" 44
"../../../Engine/Plugins/Interchange/Runtime/Content/Pipelines/DefaultTexturePipeline.uexp" 45
"../../../Engine/Plugins/Interchange/Runtime/Content/Pipelines/DefaultSceneLevelPipeline.uasset" 46
"../../../Engine/Plugins/Interchange/Runtime/Content/Pipelines/DefaultSceneLevelPipeline.uexp" 47
"../../../Engine/Plugins/Interchange/Runtime/Content/Pipelines/DefaultSceneAssetsPipeline.uasset" 48
"../../../Engine/Plugins/Interchange/Runtime/Content/Pipelines/DefaultSceneAssetsPipeline.uexp" 49
"../../../Engine/Plugins/Interchange/Runtime/Content/Pipelines/DefaultMaterialXPipeline.uasset" 50
"../../../Engine/Plugins/Interchange/Runtime/Content/Pipelines/DefaultMaterialXPipeline.uexp" 51
"../../../Engine/Plugins/Interchange/Runtime/Content/Pipelines/DefaultMaterialPipeline.uasset" 52
"../../../Engine/Plugins/Interchange/Runtime/Content/Pipelines/DefaultMaterialPipeline.uexp" 53
"../../../Engine/Plugins/Interchange/Runtime/Content/Pipelines/DefaultGLTFSceneAssetsPipeline.uasset" 54
"../../../Engine/Plugins/Interchange/Runtime/Content/Pipelines/DefaultGLTFSceneAssetsPipeline.uexp" 55
"../../../Engine/Plugins/Interchange/Runtime/Content/Pipelines/DefaultGLTFPipeline.uasset" 56
"../../../Engine/Plugins/Interchange/Runtime/Content/Pipelines/DefaultGLTFPipeline.uexp" 57
"../../../Engine/Plugins/Interchange/Runtime/Content/Pipelines/DefaultGLTFAssetsPipeline.uasset" 58
"../../../Engine/Plugins/Interchange/Runtime/Content/Pipelines/DefaultGLTFAssetsPipeline.uexp" 59
"../../../Engine/Plugins/Interchange/Runtime/Content/Pipelines/DefaultAssetsPipeline.uasset" 60
"../../../Engine/Plugins/Interchange/Runtime/Content/Pipelines/DefaultAssetsPipeline.uexp" 61
"../../../Engine/Content/MobileResources/HUD/VirtualJoystick_Thumb.uasset" 62
"../../../Engine/Content/MobileResources/HUD/VirtualJoystick_Thumb.uexp" 63
"../../../Engine/Content/MobileResources/HUD/VirtualJoystick_Background.uasset" 64
"../../../Engine/Content/MobileResources/HUD/VirtualJoystick_Background.uexp" 65
"../../../Engine/Content/MobileResources/HUD/DefaultVirtualJoysticks.uasset" 66
"../../../Engine/Content/MobileResources/HUD/DefaultVirtualJoysticks.uexp" 67
"../../../Engine/Content/EngineResources/GradientTexture0.uasset" 68
"../../../Engine/Content/EngineResources/GradientTexture0.uexp" 69
"../../../Engine/Content/EngineResources/Black.uasset" 70
"../../../Engine/Content/EngineResources/Black.uexp" 71
"../../../Engine/Content/EditorResources/S_Actor.ubulk" 72
"../../../Engine/Content/EditorResources/S_Actor.uasset" 73
"../../../Engine/Content/EditorResources/S_Actor.uexp" 74
"../../../Engine/Plugins/NNE/NNEDenoiser/Content/NNEDTOM_Output_Default.uasset" 75
"../../../Engine/Plugins/NNE/NNEDenoiser/Content/NNEDTOM_Output_Default.uexp" 76
"../../../Engine/Plugins/NNE/NNEDenoiser/Content/NNEDTOM_Output_Alpha.uasset" 77
"../../../Engine/Plugins/NNE/NNEDenoiser/Content/NNEDTOM_Output_Alpha.uexp" 78
"../../../Engine/Plugins/NNE/NNEDenoiser/Content/NNEDTIM_ColorAlbedoNormal_Default.uasset" 79
"../../../Engine/Plugins/NNE/NNEDenoiser/Content/NNEDTIM_ColorAlbedoNormal_Default.uexp" 80
"../../../Engine/Plugins/NNE/NNEDenoiser/Content/NNEDTIM_ColorAlbedoNormal_Alpha.uasset" 81
"../../../Engine/Plugins/NNE/NNEDenoiser/Content/NNEDTIM_ColorAlbedoNormal_Alpha.uexp" 82
"../../../Engine/Plugins/NNE/NNEDenoiser/Content/NNEDOM_Output_Default.uasset" 83
"../../../Engine/Plugins/NNE/NNEDenoiser/Content/NNEDOM_Output_Default.uexp" 84
"../../../Engine/Plugins/NNE/NNEDenoiser/Content/NNEDOM_Output_Alpha.uasset" 85
"../../../Engine/Plugins/NNE/NNEDenoiser/Content/NNEDOM_Output_Alpha.uexp" 86
"../../../Engine/Plugins/NNE/NNEDenoiser/Content/NNEDIM_HighQuality_Default.uasset" 87
"../../../Engine/Plugins/NNE/NNEDenoiser/Content/NNEDIM_HighQuality_Default.uexp" 88
"../../../Engine/Plugins/NNE/NNEDenoiser/Content/NNEDIM_HighQuality_Alpha.uasset" 89
"../../../Engine/Plugins/NNE/NNEDenoiser/Content/NNEDIM_HighQuality_Alpha.uexp" 90
"../../../Engine/Plugins/NNE/NNEDenoiser/Content/NNEDIM_ColorAlbedoNormal_Default.uasset" 91
"../../../Engine/Plugins/NNE/NNEDenoiser/Content/NNEDIM_ColorAlbedoNormal_Default.uexp" 92
"../../../Engine/Plugins/NNE/NNEDenoiser/Content/NNEDIM_ColorAlbedoNormal_Alpha.uasset" 93
"../../../Engine/Plugins/NNE/NNEDenoiser/Content/NNEDIM_ColorAlbedoNormal_Alpha.uexp" 94
"../../../Engine/Content/EngineMaterials/PreintegratedSkinBRDF.uasset" 95
"../../../Engine/Content/EngineMaterials/PreintegratedSkinBRDF.uexp" 96
"../../../Engine/Content/EngineMaterials/MiniFont.uasset" 97
"../../../Engine/Content/EngineMaterials/MiniFont.uexp" 98
"../../../Engine/Content/EngineMaterials/FastBlueNoise_vec2_128x128x64.uasset" 99
"../../../Engine/Content/EngineMaterials/FastBlueNoise_vec2_128x128x64.uexp" 100
"../../../Engine/Content/EngineMaterials/FastBlueNoise_scalar_128x128x8.uasset" 101
"../../../Engine/Content/EngineMaterials/FastBlueNoise_scalar_128x128x8.uexp" 102
"../../../Engine/Content/EngineMaterials/FastBlueNoise_scalar_128x128x64.uasset" 103
"../../../Engine/Content/EngineMaterials/FastBlueNoise_scalar_128x128x64.uexp" 104
"../../../Engine/Content/EngineMaterials/DefaultWhiteGrid.ubulk" 105
"../../../Engine/Content/EngineMaterials/DefaultWhiteGrid.uasset" 106
"../../../Engine/Content/EngineMaterials/DefaultWhiteGrid.uexp" 107
"../../../Engine/Content/EngineMaterials/DefaultBokeh.uasset" 108
"../../../Engine/Content/EngineMaterials/DefaultBokeh.uexp" 109
"../../../Engine/Content/EngineMaterials/DefaultBloomKernel.uasset" 110
"../../../Engine/Content/EngineMaterials/DefaultBloomKernel.uexp" 111
"../../../Engine/Content/EngineDamageTypes/DmgTypeBP_Environmental.uasset" 112
"../../../Engine/Content/EngineDamageTypes/DmgTypeBP_Environmental.uexp" 113
"../../../Engine/Content/EditorResources/S_TriggerSphere.uasset" 114
"../../../Engine/Content/EditorResources/S_TriggerSphere.uexp" 115
"../../../Engine/Content/EditorResources/S_TriggerCapsule.uasset" 116
"../../../Engine/Content/EditorResources/S_TriggerCapsule.uexp" 117
"../../../Engine/Content/EditorResources/S_TriggerBox.uasset" 118
"../../../Engine/Content/EditorResources/S_TriggerBox.uexp" 119
"../../../Engine/Content/EditorResources/S_Trigger.ubulk" 120
"../../../Engine/Content/EditorResources/S_Trigger.uasset" 121
"../../../Engine/Content/EditorResources/S_Trigger.uexp" 122
"../../../Engine/Content/EditorResources/S_Terrain.ubulk" 123
"../../../Engine/Content/EditorResources/S_Terrain.uasset" 124
"../../../Engine/Content/EditorResources/S_Terrain.uexp" 125
"../../../Engine/Content/EditorResources/S_Solver.ubulk" 126
"../../../Engine/Content/EditorResources/S_Solver.uasset" 127
"../../../Engine/Content/EditorResources/S_Solver.uexp" 128
"../../../Engine/Content/EditorResources/S_BoxReflectionCapture.uasset" 129
"../../../Engine/Content/EditorResources/S_BoxReflectionCapture.uexp" 130
"../../../Engine/Content/EditorResources/BSPVertex.uasset" 131
"../../../Engine/Content/EditorResources/BSPVertex.uexp" 132
"C:/UEprojects/Warrior/Content/Items/BP_StoneBase.uasset" 133
"C:/UEprojects/Warrior/Content/Items/BP_StoneBase.uexp" 134
"../../../Engine/Content/Functions/Engine_MaterialFunctions02/Utility/MakeFloat2.uasset" 135
"../../../Engine/Content/Functions/Engine_MaterialFunctions02/Utility/MakeFloat2.uexp" 136
"../../../Engine/Content/Functions/Engine_MaterialFunctions02/Utility/MakeFloat3.uasset" 137
"../../../Engine/Content/Functions/Engine_MaterialFunctions02/Utility/MakeFloat3.uexp" 138
"../../../Engine/Content/Functions/Engine_MaterialFunctions01/ImageAdjustment/DeriveHDRfromLDR.uasset" 139
"../../../Engine/Content/Functions/Engine_MaterialFunctions01/ImageAdjustment/DeriveHDRfromLDR.uexp" 140
"C:/UEprojects/Warrior/Content/Assets/Niagara/Rage/T_Sparrow_Poster_Tendrils_v2_Seamless.ubulk" 141
"C:/UEprojects/Warrior/Content/Assets/Niagara/Rage/T_Sparrow_Poster_Tendrils_v2_Seamless.uasset" 142
"C:/UEprojects/Warrior/Content/Assets/Niagara/Rage/T_Sparrow_Poster_Tendrils_v2_Seamless.uexp" 143
"C:/UEprojects/Warrior/Content/Assets/Niagara/Rage/T_Perlin_Soft_Packed.ubulk" 144
"C:/UEprojects/Warrior/Content/Assets/Niagara/Rage/T_Perlin_Soft_Packed.uasset" 145
"C:/UEprojects/Warrior/Content/Assets/Niagara/Rage/T_Perlin_Soft_Packed.uexp" 146
"C:/UEprojects/Warrior/Content/Assets/Niagara/Rage/T_GradientLaserSoft_M.ubulk" 147
"C:/UEprojects/Warrior/Content/Assets/Niagara/Rage/T_GradientLaserSoft_M.uasset" 148
"C:/UEprojects/Warrior/Content/Assets/Niagara/Rage/T_GradientLaserSoft_M.uexp" 149
"../../../Engine/Content/Functions/Engine_MaterialFunctions02/Utility/Swizzle.uasset" 150
"../../../Engine/Content/Functions/Engine_MaterialFunctions02/Utility/Swizzle.uexp" 151
"C:/UEprojects/Warrior/Content/Assets/Niagara/Rage/M_Chroma.uasset" 152
"C:/UEprojects/Warrior/Content/Assets/Niagara/Rage/M_Chroma.uexp" 153
"C:/UEprojects/Warrior/Content/Assets/Niagara/Rage/MI_ChromaLoop.uasset" 154
"C:/UEprojects/Warrior/Content/Assets/Niagara/Rage/MI_ChromaLoop.uexp" 155
"../../../Engine/Content/EngineMaterials/T_Default_Material_Grid_M.ubulk" 156
"../../../Engine/Content/EngineMaterials/T_Default_Material_Grid_M.uasset" 157
"../../../Engine/Content/EngineMaterials/T_Default_Material_Grid_M.uexp" 158
"../../../Engine/Content/Functions/Engine_MaterialFunctions01/Opacity/CameraDepthFade.uasset" 159
"../../../Engine/Content/Functions/Engine_MaterialFunctions01/Opacity/CameraDepthFade.uexp" 160
"../../../Engine/Content/EngineMaterials/T_Default_Material_Grid_N.ubulk" 161
"../../../Engine/Content/EngineMaterials/T_Default_Material_Grid_N.uasset" 162
"../../../Engine/Content/EngineMaterials/T_Default_Material_Grid_N.uexp" 163
"../../../Engine/Content/EngineMaterials/WorldGridMaterial.uasset" 164
"../../../Engine/Content/EngineMaterials/WorldGridMaterial.uexp" 165
"C:/UEprojects/Warrior/Content/Assets/Niagara/Rage/SM_CleanseBubble.ubulk" 166
"C:/UEprojects/Warrior/Content/Assets/Niagara/Rage/SM_CleanseBubble.uasset" 167
"C:/UEprojects/Warrior/Content/Assets/Niagara/Rage/SM_CleanseBubble.uexp" 168
"C:/UEprojects/Warrior/Content/Assets/Niagara/Stones/NS_ConsumeRageStoneBurst1.uasset" 169
"C:/UEprojects/Warrior/Content/Assets/Niagara/Stones/NS_ConsumeRageStoneBurst1.uexp" 170
"../../../Engine/Plugins/FX/Niagara/Content/VectorFields/Assets/TilingCurl32.uasset" 171
"../../../Engine/Plugins/FX/Niagara/Content/VectorFields/Assets/TilingCurl32.uexp" 172
"../../../Engine/Content/Functions/Engine_MaterialFunctions01/Density/ExponentialDensity.uasset" 173
"../../../Engine/Content/Functions/Engine_MaterialFunctions01/Density/ExponentialDensity.uexp" 174
"../../../Engine/Content/Functions/Engine_MaterialFunctions01/Gradient/RadialGradientExponential.uasset" 175
"../../../Engine/Content/Functions/Engine_MaterialFunctions01/Gradient/RadialGradientExponential.uexp" 176
"C:/UEprojects/Warrior/Content/Assets/Niagara/Impact/T_Flare_02.ubulk" 177
"C:/UEprojects/Warrior/Content/Assets/Niagara/Impact/T_Flare_02.uasset" 178
"C:/UEprojects/Warrior/Content/Assets/Niagara/Impact/T_Flare_02.uexp" 179
"C:/UEprojects/Warrior/Content/Assets/Niagara/MasterMaterial/M_FlareMaster.uasset" 180
"C:/UEprojects/Warrior/Content/Assets/Niagara/MasterMaterial/M_FlareMaster.uexp" 181
"C:/UEprojects/Warrior/Content/Assets/Niagara/Impact/MI_FireyProjectileFlare.uasset" 182
"C:/UEprojects/Warrior/Content/Assets/Niagara/Impact/MI_FireyProjectileFlare.uexp" 183
"../../../Engine/Content/EngineResources/DefaultTexture.ubulk" 184
"../../../Engine/Content/EngineResources/DefaultTexture.uasset" 185
"../../../Engine/Content/EngineResources/DefaultTexture.uexp" 186
"../../../Engine/Content/Functions/Engine_MaterialFunctions02/Utility/Sine_Remapped.uasset" 187
"../../../Engine/Content/Functions/Engine_MaterialFunctions02/Utility/Sine_Remapped.uexp" 188
"C:/UEprojects/Warrior/Content/Assets/Niagara/MasterMaterial/M_SingleTextureMaster_Additive.uasset" 189
"C:/UEprojects/Warrior/Content/Assets/Niagara/MasterMaterial/M_SingleTextureMaster_Additive.uexp" 190
"C:/UEprojects/Warrior/Content/Assets/Niagara/Projectiles/Muzzle/T_Spark_B.uasset" 191
"C:/UEprojects/Warrior/Content/Assets/Niagara/Projectiles/Muzzle/T_Spark_B.uexp" 192
"C:/UEprojects/Warrior/Content/Assets/Niagara/Projectiles/Muzzle/MI_FireyProjectileMuzzle.uasset" 193
"C:/UEprojects/Warrior/Content/Assets/Niagara/Projectiles/Muzzle/MI_FireyProjectileMuzzle.uexp" 194
"../../../Engine/Content/EngineMaterials/T_Default_MacroVariation.ubulk" 195
"../../../Engine/Content/EngineMaterials/T_Default_MacroVariation.uasset" 196
"../../../Engine/Content/EngineMaterials/T_Default_MacroVariation.uexp" 197
"C:/UEprojects/Warrior/Content/Assets/Meshes/Stones/M_StonesMaster.uasset" 198
"C:/UEprojects/Warrior/Content/Assets/Meshes/Stones/M_StonesMaster.uexp" 199
"C:/UEprojects/Warrior/Content/Assets/Meshes/Stones/MI_RageStone.uasset" 200
"C:/UEprojects/Warrior/Content/Assets/Meshes/Stones/MI_RageStone.uexp" 201
"C:/UEprojects/Warrior/Content/Assets/Meshes/Stones/S_Concrete_Rubble_rhlxZ_lod3_Var3.ubulk" 202
"C:/UEprojects/Warrior/Content/Assets/Meshes/Stones/S_Concrete_Rubble_rhlxZ_lod3_Var3.uasset" 203
"C:/UEprojects/Warrior/Content/Assets/Meshes/Stones/S_Concrete_Rubble_rhlxZ_lod3_Var3.uexp" 204
"C:/UEprojects/Warrior/Content/Assets/Meshes/Stones/S_Concrete_Rubble_rhlxZ_lod3_Var5.ubulk" 205
"C:/UEprojects/Warrior/Content/Assets/Meshes/Stones/S_Concrete_Rubble_rhlxZ_lod3_Var5.uasset" 206
"C:/UEprojects/Warrior/Content/Assets/Meshes/Stones/S_Concrete_Rubble_rhlxZ_lod3_Var5.uexp" 207
"C:/UEprojects/Warrior/Content/Assets/Niagara/Stones/NS_RageStone.uasset" 208
"C:/UEprojects/Warrior/Content/Assets/Niagara/Stones/NS_RageStone.uexp" 209
"C:/UEprojects/Warrior/Content/Assets/Sounds/Concurrency/Concurrency_OneAtATime.uasset" 210
"C:/UEprojects/Warrior/Content/Assets/Sounds/Concurrency/Concurrency_OneAtATime.uexp" 211
"C:/UEprojects/Warrior/Content/Assets/Sounds/Character/SW_Character_Powerup01.ubulk" 212
"C:/UEprojects/Warrior/Content/Assets/Sounds/Character/SW_Character_Powerup01.uasset" 213
"C:/UEprojects/Warrior/Content/Assets/Sounds/Character/SW_Character_Powerup01.uexp" 214
"C:/UEprojects/Warrior/Content/Assets/Sounds/Character/SC_Character_Powerup.uasset" 215
"C:/UEprojects/Warrior/Content/Assets/Sounds/Character/SC_Character_Powerup.uexp" 216
"C:/UEprojects/Warrior/Content/PlayerCharacter/GameplayEffect/CT_StoneStats.uasset" 217
"C:/UEprojects/Warrior/Content/PlayerCharacter/GameplayEffect/CT_StoneStats.uexp" 218
"C:/UEprojects/Warrior/Content/PlayerCharacter/GameplayEffect/GE_Item_RageStone.uasset" 219
"C:/UEprojects/Warrior/Content/PlayerCharacter/GameplayEffect/GE_Item_RageStone.uexp" 220
"C:/UEprojects/Warrior/Content/Items/BP_RageStone.uasset" 221
"C:/UEprojects/Warrior/Content/Items/BP_RageStone.uexp" 222
"C:/UEprojects/Warrior/Content/Assets/Niagara/Stones/NS_ConsumeHealingStoneBurst.uasset" 223
"C:/UEprojects/Warrior/Content/Assets/Niagara/Stones/NS_ConsumeHealingStoneBurst.uexp" 224
"C:/UEprojects/Warrior/Content/Assets/Meshes/Stones/MI_HealingStone.uasset" 225
"C:/UEprojects/Warrior/Content/Assets/Meshes/Stones/MI_HealingStone.uexp" 226
"C:/UEprojects/Warrior/Content/Assets/Meshes/Stones/S_Concrete_Rubble_rhlxZ_lod3_Var2.ubulk" 227
"C:/UEprojects/Warrior/Content/Assets/Meshes/Stones/S_Concrete_Rubble_rhlxZ_lod3_Var2.uasset" 228
"C:/UEprojects/Warrior/Content/Assets/Meshes/Stones/S_Concrete_Rubble_rhlxZ_lod3_Var2.uexp" 229
"C:/UEprojects/Warrior/Content/Assets/Meshes/Stones/S_Concrete_Rubble_rhlxZ_lod3_Var4.ubulk" 230
"C:/UEprojects/Warrior/Content/Assets/Meshes/Stones/S_Concrete_Rubble_rhlxZ_lod3_Var4.uasset" 231
"C:/UEprojects/Warrior/Content/Assets/Meshes/Stones/S_Concrete_Rubble_rhlxZ_lod3_Var4.uexp" 232
"C:/UEprojects/Warrior/Content/Assets/Meshes/Stones/S_Concrete_Rubble_rhlxZ_lod3_Var6.ubulk" 233
"C:/UEprojects/Warrior/Content/Assets/Meshes/Stones/S_Concrete_Rubble_rhlxZ_lod3_Var6.uasset" 234
"C:/UEprojects/Warrior/Content/Assets/Meshes/Stones/S_Concrete_Rubble_rhlxZ_lod3_Var6.uexp" 235
"C:/UEprojects/Warrior/Content/Assets/Niagara/Stones/NS_HealingStone.uasset" 236
"C:/UEprojects/Warrior/Content/Assets/Niagara/Stones/NS_HealingStone.uexp" 237
"C:/UEprojects/Warrior/Content/Assets/Sounds/Character/SW_Character_Heal01.ubulk" 238
"C:/UEprojects/Warrior/Content/Assets/Sounds/Character/SW_Character_Heal01.uasset" 239
"C:/UEprojects/Warrior/Content/Assets/Sounds/Character/SW_Character_Heal01.uexp" 240
"C:/UEprojects/Warrior/Content/Assets/Sounds/Character/SC_Character_Heal.uasset" 241
"C:/UEprojects/Warrior/Content/Assets/Sounds/Character/SC_Character_Heal.uexp" 242
"C:/UEprojects/Warrior/Content/PlayerCharacter/GameplayEffect/GE_Item_HealingStone.uasset" 243
"C:/UEprojects/Warrior/Content/PlayerCharacter/GameplayEffect/GE_Item_HealingStone.uexp" 244
"C:/UEprojects/Warrior/Content/Items/BP_HealingStone.uasset" 245
"C:/UEprojects/Warrior/Content/Items/BP_HealingStone.uexp" 246
"C:/UEprojects/Warrior/Content/Generic/BP_WarriorGameInstance.uasset" 247
"C:/UEprojects/Warrior/Content/Generic/BP_WarriorGameInstance.uexp" 248
"C:/UEprojects/Warrior/Content/PlayerCharacter/BP_HeroController.uasset" 249
"C:/UEprojects/Warrior/Content/PlayerCharacter/BP_HeroController.uexp" 250
"C:/UEprojects/Warrior/Content/PlayerCharacter/Input/Actions/IA_Block.uasset" 251
"C:/UEprojects/Warrior/Content/PlayerCharacter/Input/Actions/IA_Block.uexp" 252
"C:/UEprojects/Warrior/Content/PlayerCharacter/Input/Actions/IA_EquipAxe.uasset" 253
"C:/UEprojects/Warrior/Content/PlayerCharacter/Input/Actions/IA_EquipAxe.uexp" 254
"C:/UEprojects/Warrior/Content/PlayerCharacter/Input/Actions/IA_HeavyAttack_Axe.uasset" 255
"C:/UEprojects/Warrior/Content/PlayerCharacter/Input/Actions/IA_HeavyAttack_Axe.uexp" 256
"C:/UEprojects/Warrior/Content/PlayerCharacter/Input/Actions/IA_LightAttack_Axe.uasset" 257
"C:/UEprojects/Warrior/Content/PlayerCharacter/Input/Actions/IA_LightAttack_Axe.uexp" 258
"C:/UEprojects/Warrior/Content/PlayerCharacter/Input/Actions/IA_Look.uasset" 259
"C:/UEprojects/Warrior/Content/PlayerCharacter/Input/Actions/IA_Look.uexp" 260
"C:/UEprojects/Warrior/Content/PlayerCharacter/Input/Actions/IA_Move.uasset" 261
"C:/UEprojects/Warrior/Content/PlayerCharacter/Input/Actions/IA_Move.uexp" 262
"C:/UEprojects/Warrior/Content/PlayerCharacter/Input/Actions/IA_PickUp_Stone.uasset" 263
"C:/UEprojects/Warrior/Content/PlayerCharacter/Input/Actions/IA_PickUp_Stone.uexp" 264
"C:/UEprojects/Warrior/Content/PlayerCharacter/Input/Actions/IA_Rage.uasset" 265
"C:/UEprojects/Warrior/Content/PlayerCharacter/Input/Actions/IA_Rage.uexp" 266
"C:/UEprojects/Warrior/Content/PlayerCharacter/Input/Actions/IA_Roll.uasset" 267
"C:/UEprojects/Warrior/Content/PlayerCharacter/Input/Actions/IA_Roll.uexp" 268
"C:/UEprojects/Warrior/Content/PlayerCharacter/Input/Actions/IA_SpecialWeaponAbility_Heavy.uasset" 269
"C:/UEprojects/Warrior/Content/PlayerCharacter/Input/Actions/IA_SpecialWeaponAbility_Heavy.uexp" 270
"C:/UEprojects/Warrior/Content/PlayerCharacter/Input/Actions/IA_SpecialWeaponAbility_Light.uasset" 271
"C:/UEprojects/Warrior/Content/PlayerCharacter/Input/Actions/IA_SpecialWeaponAbility_Light.uexp" 272
"C:/UEprojects/Warrior/Content/PlayerCharacter/Input/Actions/IA_TargetLock.uasset" 273
"C:/UEprojects/Warrior/Content/PlayerCharacter/Input/Actions/IA_TargetLock.uexp" 274
"C:/UEprojects/Warrior/Content/PlayerCharacter/Input/Actions/IA_UnequipAxe.uasset" 275
"C:/UEprojects/Warrior/Content/PlayerCharacter/Input/Actions/IA_UnequipAxe.uexp" 276
"C:/UEprojects/Warrior/Content/PlayerCharacter/Input/Actions/IA_PauseGame.uasset" 277
"C:/UEprojects/Warrior/Content/PlayerCharacter/Input/Actions/IA_PauseGame.uexp" 278
"C:/UEprojects/Warrior/Content/PlayerCharacter/Input/IMC_Default.uasset" 279
"C:/UEprojects/Warrior/Content/PlayerCharacter/Input/IMC_Default.uexp" 280
"C:/UEprojects/Warrior/Content/PlayerCharacter/DA_InputConfig.uasset" 281
"C:/UEprojects/Warrior/Content/PlayerCharacter/DA_InputConfig.uexp" 282
"C:/UEprojects/Warrior/Content/Assets/HeroCharacter/SK_Hero.uasset" 283
"C:/UEprojects/Warrior/Content/Assets/HeroCharacter/SK_Hero.uexp" 284
"C:/UEprojects/Warrior/Content/Assets/MaterialFunctions/MF_ComputeHitFx.uasset" 285
"C:/UEprojects/Warrior/Content/Assets/MaterialFunctions/MF_ComputeHitFx.uexp" 286
"C:/UEprojects/Warrior/Content/Assets/HeroCharacter/Textures_Materials/CharM_Barbarous/T_CharM_Barbarous_N.uasset" 287
"C:/UEprojects/Warrior/Content/Assets/HeroCharacter/Textures_Materials/CharM_Barbarous/T_CharM_Barbarous_N.uexp" 288
"C:/UEprojects/Warrior/Content/Assets/HeroCharacter/Textures_Materials/CharM_Barbarous/T_CharM_Barbarous_MetalMask.ubulk" 289
"C:/UEprojects/Warrior/Content/Assets/HeroCharacter/Textures_Materials/CharM_Barbarous/T_CharM_Barbarous_MetalMask.uasset" 290
"C:/UEprojects/Warrior/Content/Assets/HeroCharacter/Textures_Materials/CharM_Barbarous/T_CharM_Barbarous_MetalMask.uexp" 291
"C:/UEprojects/Warrior/Content/Assets/HeroCharacter/Textures_Materials/CharM_Barbarous/T_CharM_Barbarous_D.ubulk" 292
"C:/UEprojects/Warrior/Content/Assets/HeroCharacter/Textures_Materials/CharM_Barbarous/T_CharM_Barbarous_D.uasset" 293
"C:/UEprojects/Warrior/Content/Assets/HeroCharacter/Textures_Materials/CharM_Barbarous/T_CharM_Barbarous_D.uexp" 294
"C:/UEprojects/Warrior/Content/Assets/HeroCharacter/Textures_Materials/CharM_Barbarous/M_Char_Barbrous.uasset" 295
"C:/UEprojects/Warrior/Content/Assets/HeroCharacter/Textures_Materials/CharM_Barbarous/M_Char_Barbrous.uexp" 296
"C:/UEprojects/Warrior/Content/Assets/HeroCharacter/Textures_Materials/CharM_Barbarous/MI_HeroCharacter.uasset" 297
"C:/UEprojects/Warrior/Content/Assets/HeroCharacter/Textures_Materials/CharM_Barbarous/MI_HeroCharacter.uexp" 298
"C:/UEprojects/Warrior/Content/Assets/HeroCharacter/SK_CharM_Barbarous.uasset" 299
"C:/UEprojects/Warrior/Content/Assets/HeroCharacter/SK_CharM_Barbarous.uexp" 300
"C:/UEprojects/Warrior/Content/PlayerCharacter/AnimBP/ALI_Hero.uasset" 301
"C:/UEprojects/Warrior/Content/PlayerCharacter/AnimBP/ALI_Hero.uexp" 302
"../../../Engine/Plugins/Animation/ACLPlugin/Content/ACLAnimBoneCompressionSettings.uasset" 303
"../../../Engine/Plugins/Animation/ACLPlugin/Content/ACLAnimBoneCompressionSettings.uexp" 304
"../../../Engine/Content/Animation/DefaultVariableFrameStrippingSettings.uasset" 305
"../../../Engine/Content/Animation/DefaultVariableFrameStrippingSettings.uexp" 306
"../../../Engine/Content/Animation/DefaultAnimCurveCompressionSettings.uasset" 307
"../../../Engine/Content/Animation/DefaultAnimCurveCompressionSettings.uexp" 308
"C:/UEprojects/Warrior/Content/Assets/HeroCharacter/Animations/Axe/Hero_Unarmed_Idle.uasset" 309
"C:/UEprojects/Warrior/Content/Assets/HeroCharacter/Animations/Axe/Hero_Unarmed_Idle.uexp" 310
"C:/UEprojects/Warrior/Content/Assets/HeroCharacter/Animations/Axe/Hero_Unarmed_Idle_Relax_1.uasset" 311
"C:/UEprojects/Warrior/Content/Assets/HeroCharacter/Animations/Axe/Hero_Unarmed_Idle_Relax_1.uexp" 312
"C:/UEprojects/Warrior/Content/Assets/HeroCharacter/Animations/Axe/Hero_Unarmed_Idle_Relax_2.uasset" 313
"C:/UEprojects/Warrior/Content/Assets/HeroCharacter/Animations/Axe/Hero_Unarmed_Idle_Relax_2.uexp" 314
"C:/UEprojects/Warrior/Content/Assets/HeroCharacter/Animations/Axe/Hero_Unarmed_Jog_Fwd.uasset" 315
"C:/UEprojects/Warrior/Content/Assets/HeroCharacter/Animations/Axe/Hero_Unarmed_Jog_Fwd.uexp" 316
"C:/UEprojects/Warrior/Content/PlayerCharacter/AnimBP/BlendSpace/BS_UnarmedLocomotion.uasset" 317
"C:/UEprojects/Warrior/Content/PlayerCharacter/AnimBP/BlendSpace/BS_UnarmedLocomotion.uexp" 318
"C:/UEprojects/Warrior/Content/PlayerCharacter/AnimBP/ABP_Hero.uasset" 319
"C:/UEprojects/Warrior/Content/PlayerCharacter/AnimBP/ABP_Hero.uexp" 320
"C:/UEprojects/Warrior/Content/PlayerCharacter/BP_HeroCharacter.uasset" 321
"C:/UEprojects/Warrior/Content/PlayerCharacter/BP_HeroCharacter.uexp" 322
"C:/UEprojects/Warrior/Content/GameMods/BP_BaseGameMode.uasset" 323
"C:/UEprojects/Warrior/Content/GameMods/BP_BaseGameMode.uexp" 324
"../../../Engine/Plugins/Runtime/AudioWidgets/Content/Resources/ScrubHandleDown_Clamped.uasset" 325
"../../../Engine/Plugins/Runtime/AudioWidgets/Content/Resources/ScrubHandleDown_Clamped.uexp" 326
"../../../Engine/Plugins/Interchange/Assets/Content/Functions/MX_UsdPreviewSurface.uasset" 327
"../../../Engine/Plugins/Interchange/Assets/Content/Functions/MX_UsdPreviewSurface.uexp" 328
"../../../Engine/Plugins/Interchange/Assets/Content/Functions/MX_UniformEDF.uasset" 329
"../../../Engine/Plugins/Interchange/Assets/Content/Functions/MX_UniformEDF.uexp" 330
"../../../Engine/Plugins/Interchange/Assets/Content/Functions/MX_TranslucentBSDF.uasset" 331
"../../../Engine/Plugins/Interchange/Assets/Content/Functions/MX_TranslucentBSDF.uexp" 332
"../../../Engine/Plugins/Interchange/Assets/Content/Functions/MX_ThinFilmBSDF.uasset" 333
"../../../Engine/Plugins/Interchange/Assets/Content/Functions/MX_ThinFilmBSDF.uexp" 334
"../../../Engine/Plugins/Interchange/Assets/Content/Functions/MX_SurfaceUnlit.uasset" 335
"../../../Engine/Plugins/Interchange/Assets/Content/Functions/MX_SurfaceUnlit.uexp" 336
"../../../Engine/Plugins/Interchange/Assets/Content/Functions/MX_Surface.uasset" 337
"../../../Engine/Plugins/Interchange/Assets/Content/Functions/MX_Surface.uexp" 338
"../../../Engine/Plugins/Interchange/Assets/Content/Functions/MX_SubsurfaceBSDF.uasset" 339
"../../../Engine/Plugins/Interchange/Assets/Content/Functions/MX_SubsurfaceBSDF.uexp" 340
"../../../Engine/Plugins/Interchange/Assets/Content/Functions/MX_SheenBSDF.uasset" 341
"../../../Engine/Plugins/Interchange/Assets/Content/Functions/MX_SheenBSDF.uexp" 342
"../../../Engine/Plugins/Interchange/Assets/Content/Functions/MX_OrenNayarBSDF.uasset" 343
"../../../Engine/Plugins/Interchange/Assets/Content/Functions/MX_OrenNayarBSDF.uexp" 344
"../../../Engine/Plugins/Interchange/Assets/Content/Functions/MF_IridescenceNoLUT.uasset" 345
"../../../Engine/Plugins/Interchange/Assets/Content/Functions/MF_IridescenceNoLUT.uexp" 346
"../../../Engine/Plugins/Interchange/Assets/Content/Functions/MX_StandardSurface.uasset" 347
"../../../Engine/Plugins/Interchange/Assets/Content/Functions/MX_StandardSurface.uexp" 348
"../../../Engine/Plugins/Interchange/Assets/Content/Functions/MX_TransmissionSurface.uasset" 349
"../../../Engine/Plugins/Interchange/Assets/Content/Functions/MX_TransmissionSurface.uexp" 350
"../../../Engine/Plugins/Interchange/Assets/Content/Functions/MX_OpenPBR_Translucent.uasset" 351
"../../../Engine/Plugins/Interchange/Assets/Content/Functions/MX_OpenPBR_Translucent.uexp" 352
"../../../Engine/Plugins/Interchange/Assets/Content/Functions/MX_OpenPBR_Opaque.uasset" 353
"../../../Engine/Plugins/Interchange/Assets/Content/Functions/MX_OpenPBR_Opaque.uexp" 354
"../../../Engine/Plugins/Interchange/Assets/Content/Functions/MX_MeasuredEDF.uasset" 355
"../../../Engine/Plugins/Interchange/Assets/Content/Functions/MX_MeasuredEDF.uexp" 356
"../../../Engine/Plugins/Interchange/Assets/Content/Functions/MX_GeneralizedSchlickBSDF.uasset" 357
"../../../Engine/Plugins/Interchange/Assets/Content/Functions/MX_GeneralizedSchlickBSDF.uexp" 358
"../../../Engine/Plugins/Interchange/Assets/Content/Functions/MX_Displacement.uasset" 359
"../../../Engine/Plugins/Interchange/Assets/Content/Functions/MX_Displacement.uexp" 360
"../../../Engine/Plugins/Interchange/Assets/Content/Functions/MX_DielectricBSDF.uasset" 361
"../../../Engine/Plugins/Interchange/Assets/Content/Functions/MX_DielectricBSDF.uexp" 362
"../../../Engine/Plugins/Interchange/Assets/Content/Functions/MX_ConicalEDF.uasset" 363
"../../../Engine/Plugins/Interchange/Assets/Content/Functions/MX_ConicalEDF.uexp" 364
"../../../Engine/Plugins/Interchange/Assets/Content/Functions/MX_ConductorBSDF.uasset" 365
"../../../Engine/Plugins/Interchange/Assets/Content/Functions/MX_ConductorBSDF.uexp" 366
"../../../Engine/Plugins/Interchange/Assets/Content/Functions/MX_BurleyDiffuseBSDF.uasset" 367
"../../../Engine/Plugins/Interchange/Assets/Content/Functions/MX_BurleyDiffuseBSDF.uexp" 368
"../../../Engine/Plugins/Interchange/Assets/Content/Functions/MX_AnisotropicVDF.uasset" 369
"../../../Engine/Plugins/Interchange/Assets/Content/Functions/MX_AnisotropicVDF.uexp" 370
"../../../Engine/Plugins/Interchange/Assets/Content/Functions/MX_AbsorptionVDF.uasset" 371
"../../../Engine/Plugins/Interchange/Assets/Content/Functions/MX_AbsorptionVDF.uexp" 372
"../../../Engine/Content/EditorMaterials/ParticleSystems/PSysThumbnail_OOD.ubulk" 373
"../../../Engine/Content/EditorMaterials/ParticleSystems/PSysThumbnail_OOD.uasset" 374
"../../../Engine/Content/EditorMaterials/ParticleSystems/PSysThumbnail_OOD.uexp" 375
"../../../Engine/Content/EditorMaterials/ParticleSystems/PSysThumbnail_NoImage.ubulk" 376
"../../../Engine/Content/EditorMaterials/ParticleSystems/PSysThumbnail_NoImage.uasset" 377
"../../../Engine/Content/EditorMaterials/ParticleSystems/PSysThumbnail_NoImage.uexp" 378
"../../../Engine/Content/EngineResources/FilmGrains/Marcie_Grain_v3_128_M2_000.uasset" 379
"../../../Engine/Content/EngineResources/FilmGrains/Marcie_Grain_v3_128_M2_000.uexp" 380
"../../../Engine/Content/EngineResources/Development/ZenLogo_64.uasset" 381
"../../../Engine/Content/EngineResources/Development/ZenLogo_64.uexp" 382
"../../../Engine/Content/EngineMaterials/LTC/Sheen_LTC.uasset" 383
"../../../Engine/Content/EngineMaterials/LTC/Sheen_LTC.uexp" 384
"../../../Engine/Content/EngineMaterials/LTC/GGX_LTCMat.uasset" 385
"../../../Engine/Content/EngineMaterials/LTC/GGX_LTCMat.uexp" 386
"../../../Engine/Content/EngineMaterials/LTC/GGX_LTCAmp.uasset" 387
"../../../Engine/Content/EngineMaterials/LTC/GGX_LTCAmp.uexp" 388
"../../../Engine/Content/EngineMaterials/EnergyConservation/Sheen_Energy.uasset" 389
"../../../Engine/Content/EngineMaterials/EnergyConservation/Sheen_Energy.uexp" 390
"../../../Engine/Content/EngineMaterials/EnergyConservation/SheenLegacy_Energy.uasset" 391
"../../../Engine/Content/EngineMaterials/EnergyConservation/SheenLegacy_Energy.uexp" 392
"../../../Engine/Content/EngineMaterials/EnergyConservation/GGX_TransmissionEnergyArray.uasset" 393
"../../../Engine/Content/EngineMaterials/EnergyConservation/GGX_TransmissionEnergyArray.uexp" 394
"../../../Engine/Content/EngineMaterials/EnergyConservation/GGX_ReflectionEnergy.uasset" 395
"../../../Engine/Content/EngineMaterials/EnergyConservation/GGX_ReflectionEnergy.uexp" 396
"../../../Engine/Content/EngineMaterials/EnergyConservation/Diffuse_Energy.uasset" 397
"../../../Engine/Content/EngineMaterials/EnergyConservation/Diffuse_Energy.uexp" 398
"../../../Engine/Content/EditorResources/SequenceRecorder/RecordingIndicator.uasset" 399
"../../../Engine/Content/EditorResources/SequenceRecorder/RecordingIndicator.uexp" 400
"../../../Engine/Content/EditorResources/SequenceRecorder/Countdown.uasset" 401
"../../../Engine/Content/EditorResources/SequenceRecorder/Countdown.uexp" 402
"C:/UEprojects/Warrior/Content/EnemyCharacter/BPI_Enemy_Death.uasset" 403
"C:/UEprojects/Warrior/Content/EnemyCharacter/BPI_Enemy_Death.uexp" 404
"C:/UEprojects/Warrior/Content/EnemyCharacter/BP_EnemyCharacter_Base.uasset" 405
"C:/UEprojects/Warrior/Content/EnemyCharacter/BP_EnemyCharacter_Base.uexp" 406
"C:/UEprojects/Warrior/Content/EnemyCharacter/AIC_Enemy_Base.uasset" 407
"C:/UEprojects/Warrior/Content/EnemyCharacter/AIC_Enemy_Base.uexp" 408
"C:/UEprojects/Warrior/Content/EnemyCharacter/BB_Enemy_Base.uasset" 409
"C:/UEprojects/Warrior/Content/EnemyCharacter/BB_Enemy_Base.uexp" 410
"C:/UEprojects/Warrior/Content/EnemyCharacter/BTTask/BTTask_EnemyBase.uasset" 411
"C:/UEprojects/Warrior/Content/EnemyCharacter/BTTask/BTTask_EnemyBase.uexp" 412
"C:/UEprojects/Warrior/Content/EnemyCharacter/BTTask/BTTask_ActiveAbilityByTag.uasset" 413
"C:/UEprojects/Warrior/Content/EnemyCharacter/BTTask/BTTask_ActiveAbilityByTag.uexp" 414
"C:/UEprojects/Warrior/Content/EnemyCharacter/BTService/BTService_UpdateMotionWarpingAttackTarget.uasset" 415
"C:/UEprojects/Warrior/Content/EnemyCharacter/BTService/BTService_UpdateMotionWarpingAttackTarget.uexp" 416
"C:/UEprojects/Warrior/Content/EnemyCharacter/BTService/BTService_GetDistToTarget.uasset" 417
"C:/UEprojects/Warrior/Content/EnemyCharacter/BTService/BTService_GetDistToTarget.uexp" 418
"C:/UEprojects/Warrior/Content/EnemyCharacter/BTDecorator/BTDecorator_ShouldAbortAllLogic.uasset" 419
"C:/UEprojects/Warrior/Content/EnemyCharacter/BTDecorator/BTDecorator_ShouldAbortAllLogic.uexp" 420
"C:/UEprojects/Warrior/Content/EnemyCharacter/BTDecorator/EWarriorDecoratorOperationType.uasset" 421
"C:/UEprojects/Warrior/Content/EnemyCharacter/BTDecorator/EWarriorDecoratorOperationType.uexp" 422
"C:/UEprojects/Warrior/Content/EnemyCharacter/BTDecorator/BTDecorator_CheckCurrentHealthPercent.uasset" 423
"C:/UEprojects/Warrior/Content/EnemyCharacter/BTDecorator/BTDecorator_CheckCurrentHealthPercent.uexp" 424
"C:/UEprojects/Warrior/Content/EnemyCharacter/FrostGiantCaptain/BT_FrostGiant.uasset" 425
"C:/UEprojects/Warrior/Content/EnemyCharacter/FrostGiantCaptain/BT_FrostGiant.uexp" 426
"C:/UEprojects/Warrior/Content/EnemyCharacter/FrostGiantCaptain/AIC_FrostGiant.uasset" 427
"C:/UEprojects/Warrior/Content/EnemyCharacter/FrostGiantCaptain/AIC_FrostGiant.uexp" 428
"C:/UEprojects/Warrior/Content/Assets/Enemies/Enemy_Frost_Giant/SK_Enemy_FrostGiant_Captain_Skeleton.uasset" 429
"C:/UEprojects/Warrior/Content/Assets/Enemies/Enemy_Frost_Giant/SK_Enemy_FrostGiant_Captain_Skeleton.uexp" 430
"C:/UEprojects/Warrior/Content/Assets/Enemies/Enemy_Frost_Giant/SK_Enemy_FrostGiant_Captain_PhysicsAsset.uasset" 431
"C:/UEprojects/Warrior/Content/Assets/Enemies/Enemy_Frost_Giant/SK_Enemy_FrostGiant_Captain_PhysicsAsset.uexp" 432
"../../../Engine/Content/MapTemplates/TilingNoise05.ubulk" 433
"../../../Engine/Content/MapTemplates/TilingNoise05.uasset" 434
"../../../Engine/Content/MapTemplates/TilingNoise05.uexp" 435
"../../../Engine/Content/Functions/Engine_MaterialFunctions03/Math/RemapValueRange.uasset" 436
"../../../Engine/Content/Functions/Engine_MaterialFunctions03/Math/RemapValueRange.uexp" 437
"C:/UEprojects/Warrior/Content/Assets/MaterialFunctions/MF_ComputeCombatHitDissolveFX.uasset" 438
"C:/UEprojects/Warrior/Content/Assets/MaterialFunctions/MF_ComputeCombatHitDissolveFX.uexp" 439
"C:/UEprojects/Warrior/Content/Assets/Enemies/Enemy_Frost_Giant/Textures/T_Enemy_FrostGiant_D.ubulk" 440
"C:/UEprojects/Warrior/Content/Assets/Enemies/Enemy_Frost_Giant/Textures/T_Enemy_FrostGiant_D.uasset" 441
"C:/UEprojects/Warrior/Content/Assets/Enemies/Enemy_Frost_Giant/Textures/T_Enemy_FrostGiant_D.uexp" 442
"C:/UEprojects/Warrior/Content/Assets/Enemies/Enemy_Frost_Giant/Textures/T_Enemy_FrostGiant_M.ubulk" 443
"C:/UEprojects/Warrior/Content/Assets/Enemies/Enemy_Frost_Giant/Textures/T_Enemy_FrostGiant_M.uasset" 444
"C:/UEprojects/Warrior/Content/Assets/Enemies/Enemy_Frost_Giant/Textures/T_Enemy_FrostGiant_M.uexp" 445
"C:/UEprojects/Warrior/Content/Assets/Enemies/Enemy_Frost_Giant/Textures/T_Enemy_FrostGiant_N.ubulk" 446
"C:/UEprojects/Warrior/Content/Assets/Enemies/Enemy_Frost_Giant/Textures/T_Enemy_FrostGiant_N.uasset" 447
"C:/UEprojects/Warrior/Content/Assets/Enemies/Enemy_Frost_Giant/Textures/T_Enemy_FrostGiant_N.uexp" 448
"C:/UEprojects/Warrior/Content/Assets/Enemies/Enemy_Frost_Giant/Materials/CharM_Frost_Giant.uasset" 449
"C:/UEprojects/Warrior/Content/Assets/Enemies/Enemy_Frost_Giant/Materials/CharM_Frost_Giant.uexp" 450
"C:/UEprojects/Warrior/Content/Assets/Enemies/Enemy_Frost_Giant/Materials/MI_FrostGiant.uasset" 451
"C:/UEprojects/Warrior/Content/Assets/Enemies/Enemy_Frost_Giant/Materials/MI_FrostGiant.uexp" 452
"C:/UEprojects/Warrior/Content/Assets/Enemies/Enemy_Frost_Giant/SK_Enemy_FrostGiant_Captain.uasset" 453
"C:/UEprojects/Warrior/Content/Assets/Enemies/Enemy_Frost_Giant/SK_Enemy_FrostGiant_Captain.uexp" 454
"C:/UEprojects/Warrior/Content/EnemyCharacter/ABP_Enemy_Base.uasset" 455
"C:/UEprojects/Warrior/Content/EnemyCharacter/ABP_Enemy_Base.uexp" 456
"../../../Engine/Content/Animation/DefaultAnimBoneCompressionSettings.uasset" 457
"../../../Engine/Content/Animation/DefaultAnimBoneCompressionSettings.uexp" 458
"C:/UEprojects/Warrior/Content/Assets/Enemies/Enemy_Frost_Giant/Enemy_Frost_Giant_All_Animation/ExoGame_Giant_Idle.uasset" 459
"C:/UEprojects/Warrior/Content/Assets/Enemies/Enemy_Frost_Giant/Enemy_Frost_Giant_All_Animation/ExoGame_Giant_Idle.uexp" 460
"C:/UEprojects/Warrior/Content/Assets/Enemies/Enemy_Frost_Giant/Enemy_Frost_Giant_All_Animation/ExoGame_Giant_Walk_Fwd.uasset" 461
"C:/UEprojects/Warrior/Content/Assets/Enemies/Enemy_Frost_Giant/Enemy_Frost_Giant_All_Animation/ExoGame_Giant_Walk_Fwd.uexp" 462
"C:/UEprojects/Warrior/Content/EnemyCharacter/FrostGiantCaptain/AnimBP/BS_FrostGiant_DefaultLocomotion.uasset" 463
"C:/UEprojects/Warrior/Content/EnemyCharacter/FrostGiantCaptain/AnimBP/BS_FrostGiant_DefaultLocomotion.uexp" 464
"C:/UEprojects/Warrior/Content/EnemyCharacter/FrostGiantCaptain/AnimBP/ABP_FrostGiant.uasset" 465
"C:/UEprojects/Warrior/Content/EnemyCharacter/FrostGiantCaptain/AnimBP/ABP_FrostGiant.uexp" 466
"C:/UEprojects/Warrior/Content/Assets/Sounds/Abilities/SW_Ability_FireBallCast02.ubulk" 467
"C:/UEprojects/Warrior/Content/Assets/Sounds/Abilities/SW_Ability_FireBallCast02.uasset" 468
"C:/UEprojects/Warrior/Content/Assets/Sounds/Abilities/SW_Ability_FireBallCast02.uexp" 469
"C:/UEprojects/Warrior/Content/Assets/Sounds/Abilities/SW_Ability_FireBallCast01.ubulk" 470
"C:/UEprojects/Warrior/Content/Assets/Sounds/Abilities/SW_Ability_FireBallCast01.uasset" 471
"C:/UEprojects/Warrior/Content/Assets/Sounds/Abilities/SW_Ability_FireBallCast01.uexp" 472
"C:/UEprojects/Warrior/Content/Assets/Sounds/Abilities/SC_Ability_FireballCast.uasset" 473
"C:/UEprojects/Warrior/Content/Assets/Sounds/Abilities/SC_Ability_FireballCast.uexp" 474
"C:/UEprojects/Warrior/Content/Assets/Sounds/Creatures/IceGiant/Sounds/DialogueVoices/Rampage.uasset" 475
"C:/UEprojects/Warrior/Content/Assets/Sounds/Creatures/IceGiant/Sounds/DialogueVoices/Rampage.uexp" 476
"C:/UEprojects/Warrior/Content/Assets/Sounds/Creatures/IceGiant/Sounds/SoundWaves/Rampage_Effort_Attack_01.ubulk" 477
"C:/UEprojects/Warrior/Content/Assets/Sounds/Creatures/IceGiant/Sounds/SoundWaves/Rampage_Effort_Attack_01.uasset" 478
"C:/UEprojects/Warrior/Content/Assets/Sounds/Creatures/IceGiant/Sounds/SoundWaves/Rampage_Effort_Attack_01.uexp" 479
"C:/UEprojects/Warrior/Content/Assets/Sounds/Creatures/IceGiant/Sounds/DialogueWaves/Rampage_Effort_Attack_01_Dialogue.uasset" 480
"C:/UEprojects/Warrior/Content/Assets/Sounds/Creatures/IceGiant/Sounds/DialogueWaves/Rampage_Effort_Attack_01_Dialogue.uexp" 481
"C:/UEprojects/Warrior/Content/Assets/Sounds/Creatures/IceGiant/Sounds/SoundWaves/Rampage_Effort_Attack_03.ubulk" 482
"C:/UEprojects/Warrior/Content/Assets/Sounds/Creatures/IceGiant/Sounds/SoundWaves/Rampage_Effort_Attack_03.uasset" 483
"C:/UEprojects/Warrior/Content/Assets/Sounds/Creatures/IceGiant/Sounds/SoundWaves/Rampage_Effort_Attack_03.uexp" 484
"C:/UEprojects/Warrior/Content/Assets/Sounds/Creatures/IceGiant/Sounds/DialogueWaves/Rampage_Effort_Attack_03_Dialogue.uasset" 485
"C:/UEprojects/Warrior/Content/Assets/Sounds/Creatures/IceGiant/Sounds/DialogueWaves/Rampage_Effort_Attack_03_Dialogue.uexp" 486
"C:/UEprojects/Warrior/Content/Assets/Sounds/Creatures/IceGiant/Sounds/SoundWaves/Rampage_Effort_Attack_04.ubulk" 487
"C:/UEprojects/Warrior/Content/Assets/Sounds/Creatures/IceGiant/Sounds/SoundWaves/Rampage_Effort_Attack_04.uasset" 488
"C:/UEprojects/Warrior/Content/Assets/Sounds/Creatures/IceGiant/Sounds/SoundWaves/Rampage_Effort_Attack_04.uexp" 489
"C:/UEprojects/Warrior/Content/Assets/Sounds/Creatures/IceGiant/Sounds/DialogueWaves/Rampage_Effort_Attack_04_Dialogue.uasset" 490
"C:/UEprojects/Warrior/Content/Assets/Sounds/Creatures/IceGiant/Sounds/DialogueWaves/Rampage_Effort_Attack_04_Dialogue.uexp" 491
"C:/UEprojects/Warrior/Content/Assets/Sounds/Creatures/IceGiant/SC_GiantSwing_1.uasset" 492
"C:/UEprojects/Warrior/Content/Assets/Sounds/Creatures/IceGiant/SC_GiantSwing_1.uexp" 493
"C:/UEprojects/Warrior/Content/Assets/Enemies/Enemy_Frost_Giant/Enemy_Frost_Giant_All_Animation/ExoGame_FrostGiant_DropDown.uasset" 494
"C:/UEprojects/Warrior/Content/Assets/Enemies/Enemy_Frost_Giant/Enemy_Frost_Giant_All_Animation/ExoGame_FrostGiant_DropDown.uexp" 495
"C:/UEprojects/Warrior/Content/EnemyCharacter/FrostGiantCaptain/Montages/AM_ExoGame_FrostGiant_DropDown.uasset" 496
"C:/UEprojects/Warrior/Content/EnemyCharacter/FrostGiantCaptain/Montages/AM_ExoGame_FrostGiant_DropDown.uexp" 497
"C:/UEprojects/Warrior/Content/EnemyCharacter/FrostGiantCaptain/BP_FrostGiant.uasset" 498
"C:/UEprojects/Warrior/Content/EnemyCharacter/FrostGiantCaptain/BP_FrostGiant.uexp" 499
"../../../Engine/Content/Functions/Engine_MaterialFunctions01/Shading/PowerToRoughness.uasset" 500
"../../../Engine/Content/Functions/Engine_MaterialFunctions01/Shading/PowerToRoughness.uexp" 501
"../../../Engine/Content/Functions/Engine_MaterialFunctions01/Shading/ConvertFromDiffSpec.uasset" 502
"../../../Engine/Content/Functions/Engine_MaterialFunctions01/Shading/ConvertFromDiffSpec.uexp" 503
"C:/UEprojects/Warrior/Content/Widget/TemplateWidget/WarriorSizeBox.uasset" 504
"C:/UEprojects/Warrior/Content/Widget/TemplateWidget/WarriorSizeBox.uexp" 505
"C:/UEprojects/Warrior/Content/Assets/Textures/UI/Texture/T_UI_Border_01.uasset" 506
"C:/UEprojects/Warrior/Content/Assets/Textures/UI/Texture/T_UI_Border_01.uexp" 507
"C:/UEprojects/Warrior/Content/Assets/Textures/UI/Texture/T_Water_N.ubulk" 508
"C:/UEprojects/Warrior/Content/Assets/Textures/UI/Texture/T_Water_N.uasset" 509
"C:/UEprojects/Warrior/Content/Assets/Textures/UI/Texture/T_Water_N.uexp" 510
"C:/UEprojects/Warrior/Content/Assets/Textures/UI/Texture/T_Dissolve_Mob_M.ubulk" 511
"C:/UEprojects/Warrior/Content/Assets/Textures/UI/Texture/T_Dissolve_Mob_M.uasset" 512
"C:/UEprojects/Warrior/Content/Assets/Textures/UI/Texture/T_Dissolve_Mob_M.uexp" 513
"C:/UEprojects/Warrior/Content/Assets/Textures/UI/Material/M_ProgreeBarMaster.uasset" 514
"C:/UEprojects/Warrior/Content/Assets/Textures/UI/Material/M_ProgreeBarMaster.uexp" 515
"C:/UEprojects/Warrior/Content/Assets/Textures/UI/Material/MI_HeroHealthBar.uasset" 516
"C:/UEprojects/Warrior/Content/Assets/Textures/UI/Material/MI_HeroHealthBar.uexp" 517
"C:/UEprojects/Warrior/Content/Widget/TemplateWidget/TPWBP_StatusBar.uasset" 518
"C:/UEprojects/Warrior/Content/Widget/TemplateWidget/TPWBP_StatusBar.uexp" 519
"C:/UEprojects/Warrior/Content/Assets/Textures/UI/Material/MI_EnemyHealthBar.uasset" 520
"C:/UEprojects/Warrior/Content/Assets/Textures/UI/Material/MI_EnemyHealthBar.uexp" 521
"C:/UEprojects/Warrior/Content/Widget/EnemyWidgets/WBP_DefaultEnemyHealthBar.uasset" 522
"C:/UEprojects/Warrior/Content/Widget/EnemyWidgets/WBP_DefaultEnemyHealthBar.uexp" 523
"C:/UEprojects/Warrior/Content/Assets/Enemies/Gruntling/Enemy_Gruntling_Guardian/SK_Gruntling_Guardian_Skeleton.uasset" 524
"C:/UEprojects/Warrior/Content/Assets/Enemies/Gruntling/Enemy_Gruntling_Guardian/SK_Gruntling_Guardian_Skeleton.uexp" 525
"C:/UEprojects/Warrior/Content/Assets/Sounds/Creatures/Guardian/SW_Guardian_Spawn02.ubulk" 526
"C:/UEprojects/Warrior/Content/Assets/Sounds/Creatures/Guardian/SW_Guardian_Spawn02.uasset" 527
"C:/UEprojects/Warrior/Content/Assets/Sounds/Creatures/Guardian/SW_Guardian_Spawn02.uexp" 528
"C:/UEprojects/Warrior/Content/Assets/Sounds/Creatures/Guardian/SW_Guardian_Spawn01.ubulk" 529
"C:/UEprojects/Warrior/Content/Assets/Sounds/Creatures/Guardian/SW_Guardian_Spawn01.uasset" 530
"C:/UEprojects/Warrior/Content/Assets/Sounds/Creatures/Guardian/SW_Guardian_Spawn01.uexp" 531
"C:/UEprojects/Warrior/Content/Assets/Sounds/Creatures/Guardian/SW_Guardian_Attack02.ubulk" 532
"C:/UEprojects/Warrior/Content/Assets/Sounds/Creatures/Guardian/SW_Guardian_Attack02.uasset" 533
"C:/UEprojects/Warrior/Content/Assets/Sounds/Creatures/Guardian/SW_Guardian_Attack02.uexp" 534
"C:/UEprojects/Warrior/Content/Assets/Sounds/Creatures/Guardian/SW_Guardian_Attack01.ubulk" 535
"C:/UEprojects/Warrior/Content/Assets/Sounds/Creatures/Guardian/SW_Guardian_Attack01.uasset" 536
"C:/UEprojects/Warrior/Content/Assets/Sounds/Creatures/Guardian/SW_Guardian_Attack01.uexp" 537
"C:/UEprojects/Warrior/Content/Assets/Sounds/Creatures/Guardian/SC_Guardian_Spawn.uasset" 538
"C:/UEprojects/Warrior/Content/Assets/Sounds/Creatures/Guardian/SC_Guardian_Spawn.uexp" 539
"C:/UEprojects/Warrior/Content/Assets/Enemies/Gruntling/Enemy_Gruntling_Guardian/Enemy_Gruntling_Guardian_Animation/ExoGame_Gruntling_Intro_ClimbingUp.uasset" 540
"C:/UEprojects/Warrior/Content/Assets/Enemies/Gruntling/Enemy_Gruntling_Guardian/Enemy_Gruntling_Guardian_Animation/ExoGame_Gruntling_Intro_ClimbingUp.uexp" 541
"C:/UEprojects/Warrior/Content/EnemyCharacter/Gruntling/Montages/Entry/AM_ExoGame_Gruntling_Intro_ClimbingUp.uasset" 542
"C:/UEprojects/Warrior/Content/EnemyCharacter/Gruntling/Montages/Entry/AM_ExoGame_Gruntling_Intro_ClimbingUp.uexp" 543
"C:/UEprojects/Warrior/Content/Assets/Enemies/Gruntling/Enemy_Gruntling_Guardian/Enemy_Gruntling_Guardian_Animation/ExoGame_Gruntling_Intro_DropDown.uasset" 544
"C:/UEprojects/Warrior/Content/Assets/Enemies/Gruntling/Enemy_Gruntling_Guardian/Enemy_Gruntling_Guardian_Animation/ExoGame_Gruntling_Intro_DropDown.uexp" 545
"C:/UEprojects/Warrior/Content/EnemyCharacter/Gruntling/Montages/Entry/AM_ExoGame_Gruntling_Intro_DropDown.uasset" 546
"C:/UEprojects/Warrior/Content/EnemyCharacter/Gruntling/Montages/Entry/AM_ExoGame_Gruntling_Intro_DropDown.uexp" 547
"C:/UEprojects/Warrior/Content/EnemyCharacter/Gruntling/BP_Gruntling_Base.uasset" 548
"C:/UEprojects/Warrior/Content/EnemyCharacter/Gruntling/BP_Gruntling_Base.uexp" 549
"C:/UEprojects/Warrior/Content/EnemyCharacter/EQS/EQSContext_TargetActor.uasset" 550
"C:/UEprojects/Warrior/Content/EnemyCharacter/EQS/EQSContext_TargetActor.uexp" 551
"C:/UEprojects/Warrior/Content/EnemyCharacter/EQS/EQS_FindStrafeLocation.uasset" 552
"C:/UEprojects/Warrior/Content/EnemyCharacter/EQS/EQS_FindStrafeLocation.uexp" 553
"C:/UEprojects/Warrior/Content/EnemyCharacter/BTDecorator/BTDecorator_DoesActorHaveTag.uasset" 554
"C:/UEprojects/Warrior/Content/EnemyCharacter/BTDecorator/BTDecorator_DoesActorHaveTag.uexp" 555
"C:/UEprojects/Warrior/Content/EnemyCharacter/BTTask/BTTask_ToggleStrafingState.uasset" 556
"C:/UEprojects/Warrior/Content/EnemyCharacter/BTTask/BTTask_ToggleStrafingState.uexp" 557
"C:/UEprojects/Warrior/Content/EnemyCharacter/BTDecorator/BTDecorator_ComputeSuccessChance.uasset" 558
"C:/UEprojects/Warrior/Content/EnemyCharacter/BTDecorator/BTDecorator_ComputeSuccessChance.uexp" 559
"C:/UEprojects/Warrior/Content/EnemyCharacter/Gruntling/Guardian/BT_Guardian.uasset" 560
"C:/UEprojects/Warrior/Content/EnemyCharacter/Gruntling/Guardian/BT_Guardian.uexp" 561
"C:/UEprojects/Warrior/Content/EnemyCharacter/Gruntling/Guardian/AIC_Guardian.uasset" 562
"C:/UEprojects/Warrior/Content/EnemyCharacter/Gruntling/Guardian/AIC_Guardian.uexp" 563
"C:/UEprojects/Warrior/Content/Assets/Enemies/Gruntling/Enemy_Gruntling_Guardian/Enemy_Gruntling_Guardian_Animation/ExoGame_Gruntling_Walk.uasset" 564
"C:/UEprojects/Warrior/Content/Assets/Enemies/Gruntling/Enemy_Gruntling_Guardian/Enemy_Gruntling_Guardian_Animation/ExoGame_Gruntling_Walk.uexp" 565
"C:/UEprojects/Warrior/Content/Assets/Enemies/Gruntling/Enemy_Gruntling_Guardian/Enemy_Gruntling_Guardian_Animation/Idle_Grunt.uasset" 566
"C:/UEprojects/Warrior/Content/Assets/Enemies/Gruntling/Enemy_Gruntling_Guardian/Enemy_Gruntling_Guardian_Animation/Idle_Grunt.uexp" 567
"C:/UEprojects/Warrior/Content/Assets/Enemies/Gruntling/Enemy_Gruntling_Guardian/Enemy_Gruntling_Guardian_Animation/ExoGame_Gruntling_Walk_Bwd.uasset" 568
"C:/UEprojects/Warrior/Content/Assets/Enemies/Gruntling/Enemy_Gruntling_Guardian/Enemy_Gruntling_Guardian_Animation/ExoGame_Gruntling_Walk_Bwd.uexp" 569
"C:/UEprojects/Warrior/Content/Assets/Enemies/Gruntling/Enemy_Gruntling_Guardian/Enemy_Gruntling_Guardian_Animation/ExoGame_Gruntling_Walk_Left.uasset" 570
"C:/UEprojects/Warrior/Content/Assets/Enemies/Gruntling/Enemy_Gruntling_Guardian/Enemy_Gruntling_Guardian_Animation/ExoGame_Gruntling_Walk_Left.uexp" 571
"C:/UEprojects/Warrior/Content/Assets/Enemies/Gruntling/Enemy_Gruntling_Guardian/Enemy_Gruntling_Guardian_Animation/ExoGame_Gruntling_Walk_Right.uasset" 572
"C:/UEprojects/Warrior/Content/Assets/Enemies/Gruntling/Enemy_Gruntling_Guardian/Enemy_Gruntling_Guardian_Animation/ExoGame_Gruntling_Walk_Right.uexp" 573
"C:/UEprojects/Warrior/Content/EnemyCharacter/Gruntling/AnimBP/BS_Guardian_Strafing.uasset" 574
"C:/UEprojects/Warrior/Content/EnemyCharacter/Gruntling/AnimBP/BS_Guardian_Strafing.uexp" 575
"C:/UEprojects/Warrior/Content/EnemyCharacter/Gruntling/AnimBP/BS_Guardian_Default.uasset" 576
"C:/UEprojects/Warrior/Content/EnemyCharacter/Gruntling/AnimBP/BS_Guardian_Default.uexp" 577
"C:/UEprojects/Warrior/Content/EnemyCharacter/Gruntling/AnimBP/ABP_Guardian.uasset" 578
"C:/UEprojects/Warrior/Content/EnemyCharacter/Gruntling/AnimBP/ABP_Guardian.uexp" 579
"C:/UEprojects/Warrior/Content/Assets/Enemies/Gruntling/Enemy_Gruntling_Guardian/Textures/T_Gruntling_Guardian_M.ubulk" 580
"C:/UEprojects/Warrior/Content/Assets/Enemies/Gruntling/Enemy_Gruntling_Guardian/Textures/T_Gruntling_Guardian_M.uasset" 581
"C:/UEprojects/Warrior/Content/Assets/Enemies/Gruntling/Enemy_Gruntling_Guardian/Textures/T_Gruntling_Guardian_M.uexp" 582
"C:/UEprojects/Warrior/Content/Assets/Enemies/Gruntling/Enemy_Gruntling_Guardian/Textures/T_Gruntling_Guardian_N.ubulk" 583
"C:/UEprojects/Warrior/Content/Assets/Enemies/Gruntling/Enemy_Gruntling_Guardian/Textures/T_Gruntling_Guardian_N.uasset" 584
"C:/UEprojects/Warrior/Content/Assets/Enemies/Gruntling/Enemy_Gruntling_Guardian/Textures/T_Gruntling_Guardian_N.uexp" 585
"C:/UEprojects/Warrior/Content/Assets/Enemies/Gruntling/Enemy_Gruntling_Guardian/Textures/T_Gruntling_Guardian_D.ubulk" 586
"C:/UEprojects/Warrior/Content/Assets/Enemies/Gruntling/Enemy_Gruntling_Guardian/Textures/T_Gruntling_Guardian_D.uasset" 587
"C:/UEprojects/Warrior/Content/Assets/Enemies/Gruntling/Enemy_Gruntling_Guardian/Textures/T_Gruntling_Guardian_D.uexp" 588
"C:/UEprojects/Warrior/Content/Assets/Enemies/Gruntling/Enemy_Gruntling_Guardian/Textures/T_Gruntling_Guardian_E.ubulk" 589
"C:/UEprojects/Warrior/Content/Assets/Enemies/Gruntling/Enemy_Gruntling_Guardian/Textures/T_Gruntling_Guardian_E.uasset" 590
"C:/UEprojects/Warrior/Content/Assets/Enemies/Gruntling/Enemy_Gruntling_Guardian/Textures/T_Gruntling_Guardian_E.uexp" 591
"C:/UEprojects/Warrior/Content/Assets/Enemies/Gruntling/Enemy_Gruntling_Guardian/Materials/CharM_Gruntling_Guardian.uasset" 592
"C:/UEprojects/Warrior/Content/Assets/Enemies/Gruntling/Enemy_Gruntling_Guardian/Materials/CharM_Gruntling_Guardian.uexp" 593
"C:/UEprojects/Warrior/Content/Assets/Enemies/Gruntling/Enemy_Gruntling_Guardian/Materials/MI_Guardian.uasset" 594
"C:/UEprojects/Warrior/Content/Assets/Enemies/Gruntling/Enemy_Gruntling_Guardian/Materials/MI_Guardian.uexp" 595
"C:/UEprojects/Warrior/Content/Assets/Enemies/Gruntling/Enemy_Gruntling_Guardian/SK_Gruntling_Guardian.uasset" 596
"C:/UEprojects/Warrior/Content/Assets/Enemies/Gruntling/Enemy_Gruntling_Guardian/SK_Gruntling_Guardian.uexp" 597
"C:/UEprojects/Warrior/Content/EnemyCharacter/Gruntling/Guardian/BP_Gruntling_Guardian.uasset" 598
"C:/UEprojects/Warrior/Content/EnemyCharacter/Gruntling/Guardian/BP_Gruntling_Guardian.uexp" 599
"C:/UEprojects/Warrior/Content/EnemyCharacter/EQS/EQS_FindShootProjectileLocation.uasset" 600
"C:/UEprojects/Warrior/Content/EnemyCharacter/EQS/EQS_FindShootProjectileLocation.uexp" 601
"C:/UEprojects/Warrior/Content/EnemyCharacter/Gruntling/Glacer/BT_Glacer.uasset" 602
"C:/UEprojects/Warrior/Content/EnemyCharacter/Gruntling/Glacer/BT_Glacer.uexp" 603
"C:/UEprojects/Warrior/Content/EnemyCharacter/Gruntling/Glacer/AIC_Glacer.uasset" 604
"C:/UEprojects/Warrior/Content/EnemyCharacter/Gruntling/Glacer/AIC_Glacer.uexp" 605
"C:/UEprojects/Warrior/Content/Assets/Enemies/Gruntling/Enemy_Gruntling_Glacer/Textures/T_Gruntling_Glacer_N.ubulk" 606
"C:/UEprojects/Warrior/Content/Assets/Enemies/Gruntling/Enemy_Gruntling_Glacer/Textures/T_Gruntling_Glacer_N.uasset" 607
"C:/UEprojects/Warrior/Content/Assets/Enemies/Gruntling/Enemy_Gruntling_Glacer/Textures/T_Gruntling_Glacer_N.uexp" 608
"C:/UEprojects/Warrior/Content/Assets/Enemies/Gruntling/Enemy_Gruntling_Glacer/Textures/T_Gruntling_Glacer_D.ubulk" 609
"C:/UEprojects/Warrior/Content/Assets/Enemies/Gruntling/Enemy_Gruntling_Glacer/Textures/T_Gruntling_Glacer_D.uasset" 610
"C:/UEprojects/Warrior/Content/Assets/Enemies/Gruntling/Enemy_Gruntling_Glacer/Textures/T_Gruntling_Glacer_D.uexp" 611
"C:/UEprojects/Warrior/Content/Assets/Enemies/Gruntling/Enemy_Gruntling_Glacer/Textures/T_Gruntling_M.ubulk" 612
"C:/UEprojects/Warrior/Content/Assets/Enemies/Gruntling/Enemy_Gruntling_Glacer/Textures/T_Gruntling_M.uasset" 613
"C:/UEprojects/Warrior/Content/Assets/Enemies/Gruntling/Enemy_Gruntling_Glacer/Textures/T_Gruntling_M.uexp" 614
"C:/UEprojects/Warrior/Content/Assets/Enemies/Gruntling/Enemy_Gruntling_Glacer/Materials/CharM_Gruntling_Glacer.uasset" 615
"C:/UEprojects/Warrior/Content/Assets/Enemies/Gruntling/Enemy_Gruntling_Glacer/Materials/CharM_Gruntling_Glacer.uexp" 616
"C:/UEprojects/Warrior/Content/Assets/Enemies/Gruntling/Enemy_Gruntling_Glacer/Materials/MI_Glacer.uasset" 617
"C:/UEprojects/Warrior/Content/Assets/Enemies/Gruntling/Enemy_Gruntling_Glacer/Materials/MI_Glacer.uexp" 618
"C:/UEprojects/Warrior/Content/Assets/Enemies/Gruntling/Enemy_Gruntling_Glacer/SK_Gruntling_Glacer.uasset" 619
"C:/UEprojects/Warrior/Content/Assets/Enemies/Gruntling/Enemy_Gruntling_Glacer/SK_Gruntling_Glacer.uexp" 620
"C:/UEprojects/Warrior/Content/EnemyCharacter/Gruntling/Glacer/BP_Gruntling_Glacer.uasset" 621
"C:/UEprojects/Warrior/Content/EnemyCharacter/Gruntling/Glacer/BP_Gruntling_Glacer.uexp" 622
"C:/UEprojects/Warrior/Content/Assets/Textures/UI/Weapons/T_EnhancedAxe.ubulk" 623
"C:/UEprojects/Warrior/Content/Assets/Textures/UI/Weapons/T_EnhancedAxe.uasset" 624
"C:/UEprojects/Warrior/Content/Assets/Textures/UI/Weapons/T_EnhancedAxe.uexp" 625
"C:/UEprojects/Warrior/Content/Assets/Textures/UI/Weapons/T_DefaultAxe.ubulk" 626
"C:/UEprojects/Warrior/Content/Assets/Textures/UI/Weapons/T_DefaultAxe.uasset" 627
"C:/UEprojects/Warrior/Content/Assets/Textures/UI/Weapons/T_DefaultAxe.uexp" 628
"../../../Engine/Content/EditorMaterials/Dataflow/DataflowTwoSidedVertexMaterial.uasset" 629
"../../../Engine/Content/EditorMaterials/Dataflow/DataflowTwoSidedVertexMaterial.uexp" 630
"../../../Engine/Content/EditorMaterials/Dataflow/DataflowVertexMaterial.uasset" 631
"../../../Engine/Content/EditorMaterials/Dataflow/DataflowVertexMaterial.uexp" 632
"../../../Engine/Content/Functions/Engine_MaterialFunctions02/Utility/VectorLength.uasset" 633
"../../../Engine/Content/Functions/Engine_MaterialFunctions02/Utility/VectorLength.uexp" 634
"../../../Engine/Content/Functions/Engine_MaterialFunctions02/WorldPositionOffset/ObjectScale.uasset" 635
"../../../Engine/Content/Functions/Engine_MaterialFunctions02/WorldPositionOffset/ObjectScale.uexp" 636
"../../../Engine/Content/Functions/Engine_MaterialFunctions02/Utility/BreakOutFloat3Components.uasset" 637
"../../../Engine/Content/Functions/Engine_MaterialFunctions02/Utility/BreakOutFloat3Components.uexp" 638
"../../../Engine/Content/Functions/Engine_MaterialFunctions02/SafeNormalize.uasset" 639
"../../../Engine/Content/Functions/Engine_MaterialFunctions02/SafeNormalize.uexp" 640
"../../../Engine/Plugins/Editor/SpeedTreeImporter/Content/SpeedTree9/UnpackInteger3.uasset" 641
"../../../Engine/Plugins/Editor/SpeedTreeImporter/Content/SpeedTree9/UnpackInteger3.uexp" 642
"../../../Engine/Plugins/Editor/SpeedTreeImporter/Content/SpeedTree9/UnpackDirection.uasset" 643
"../../../Engine/Plugins/Editor/SpeedTreeImporter/Content/SpeedTree9/UnpackDirection.uexp" 644
"../../../Engine/Plugins/Editor/SpeedTreeImporter/Content/SpeedTree9/game_wind_noise.ubulk" 645
"../../../Engine/Plugins/Editor/SpeedTreeImporter/Content/SpeedTree9/game_wind_noise.uasset" 646
"../../../Engine/Plugins/Editor/SpeedTreeImporter/Content/SpeedTree9/game_wind_noise.uexp" 647
"../../../Engine/Plugins/Editor/SpeedTreeImporter/Content/SpeedTree9/SpeedTreeWindMotion.uasset" 648
"../../../Engine/Plugins/Editor/SpeedTreeImporter/Content/SpeedTree9/SpeedTreeWindMotion.uexp" 649
"../../../Engine/Plugins/Editor/SpeedTreeImporter/Content/SpeedTree9/SpeedTreeBranchMotion.uasset" 650
"../../../Engine/Plugins/Editor/SpeedTreeImporter/Content/SpeedTree9/SpeedTreeBranchMotion.uexp" 651
"../../../Engine/Content/Functions/Engine_MaterialFunctions02/ObjectLocalBounds.uasset" 652
"../../../Engine/Content/Functions/Engine_MaterialFunctions02/ObjectLocalBounds.uexp" 653
"../../../Engine/Content/Functions/Engine_MaterialFunctions02/UVs/BoundingBoxBased_0-1_UVW.uasset" 654
"../../../Engine/Content/Functions/Engine_MaterialFunctions02/UVs/BoundingBoxBased_0-1_UVW.uexp" 655
"../../../Engine/Plugins/Editor/SpeedTreeImporter/Content/SpeedTree9/SpeedTreeWind.uasset" 656
"../../../Engine/Plugins/Editor/SpeedTreeImporter/Content/SpeedTree9/SpeedTreeWind.uexp" 657
"../../../Engine/Plugins/Editor/SpeedTreeImporter/Content/SpeedTree9/EmptyNormal.uasset" 658
"../../../Engine/Plugins/Editor/SpeedTreeImporter/Content/SpeedTree9/EmptyNormal.uexp" 659
"../../../Engine/Plugins/Editor/SpeedTreeImporter/Content/SpeedTree9/Empty.uasset" 660
"../../../Engine/Plugins/Editor/SpeedTreeImporter/Content/SpeedTree9/Empty.uexp" 661
"../../../Engine/Plugins/Editor/SpeedTreeImporter/Content/SpeedTree9/SpeedTreeBillboard.uasset" 662
"../../../Engine/Plugins/Editor/SpeedTreeImporter/Content/SpeedTree9/SpeedTreeBillboard.uexp" 663
"../../../Engine/Plugins/Editor/SpeedTreeImporter/Content/SpeedTree9/SpeedTreeBillboardMaster.uasset" 664
"../../../Engine/Plugins/Editor/SpeedTreeImporter/Content/SpeedTree9/SpeedTreeBillboardMaster.uexp" 665
"../../../Engine/Plugins/Editor/SpeedTreeImporter/Content/SpeedTree9/SpeedTreeCameraFacing.uasset" 666
"../../../Engine/Plugins/Editor/SpeedTreeImporter/Content/SpeedTree9/SpeedTreeCameraFacing.uexp" 667
"../../../Engine/Plugins/Editor/SpeedTreeImporter/Content/SpeedTree9/SpeedTreeMaster.uasset" 668
"../../../Engine/Plugins/Editor/SpeedTreeImporter/Content/SpeedTree9/SpeedTreeMaster.uexp" 669
"../../../Engine/Plugins/Runtime/HairStrands/Content/Materials/HairCardsDefaultMaterial.uasset" 670
"../../../Engine/Plugins/Runtime/HairStrands/Content/Materials/HairCardsDefaultMaterial.uexp" 671
"../../../Engine/Content/EngineMaterials/HairDebugColor.uasset" 672
"../../../Engine/Content/EngineMaterials/HairDebugColor.uexp" 673
"../../../Engine/Content/EngineMaterials/HairColorMap.uasset" 674
"../../../Engine/Content/EngineMaterials/HairColorMap.uexp" 675
"../../../Engine/Plugins/Runtime/HairStrands/Content/Materials/HairGroupColors.uasset" 676
"../../../Engine/Plugins/Runtime/HairStrands/Content/Materials/HairGroupColors.uexp" 677
"../../../Engine/Plugins/Runtime/HairStrands/Content/Materials/HairDebugMaterial.uasset" 678
"../../../Engine/Plugins/Runtime/HairStrands/Content/Materials/HairDebugMaterial.uexp" 679
"../../../Engine/Plugins/Runtime/HairStrands/Content/Materials/HairDefaultMaterial.uasset" 680
"../../../Engine/Plugins/Runtime/HairStrands/Content/Materials/HairDefaultMaterial.uexp" 681
"../../../Engine/Plugins/Runtime/HairStrands/Content/Materials/HairMeshesDefaultMaterial.uasset" 682
"../../../Engine/Plugins/Runtime/HairStrands/Content/Materials/HairMeshesDefaultMaterial.uexp" 683
"../../../Engine/Plugins/VirtualProduction/CameraCalibrationCore/Content/Materials/M_DefaultEvenSquare.uasset" 684
"../../../Engine/Plugins/VirtualProduction/CameraCalibrationCore/Content/Materials/M_DefaultEvenSquare.uexp" 685
"../../../Engine/Plugins/VirtualProduction/CameraCalibrationCore/Content/Materials/M_DefaultOddSquare.uasset" 686
"../../../Engine/Plugins/VirtualProduction/CameraCalibrationCore/Content/Materials/M_DefaultOddSquare.uexp" 687
"../../../Engine/Content/EngineDebugMaterials/DebugEditorMaterial.uasset" 688
"../../../Engine/Content/EngineDebugMaterials/DebugEditorMaterial.uexp" 689
"../../../Engine/Content/EngineDebugMaterials/DebugMeshMaterial.uasset" 690
"../../../Engine/Content/EngineDebugMaterials/DebugMeshMaterial.uexp" 691
"../../../Engine/Content/EngineDebugMaterials/M_SimpleUnlitTranslucent.uasset" 692
"../../../Engine/Content/EngineDebugMaterials/M_SimpleUnlitTranslucent.uexp" 693
"../../../Engine/Content/Functions/Engine_MaterialFunctions02/Utility/CameraDirectionVector.uasset" 694
"../../../Engine/Content/Functions/Engine_MaterialFunctions02/Utility/CameraDirectionVector.uexp" 695
"../../../Engine/Content/EngineDebugMaterials/VolumeToRender.uasset" 696
"../../../Engine/Content/EngineDebugMaterials/VolumeToRender.uexp" 697
"../../../Engine/Content/EngineDebugMaterials/M_VolumeRenderSphereTracePP.uasset" 698
"../../../Engine/Content/EngineDebugMaterials/M_VolumeRenderSphereTracePP.uexp" 699
"../../../Engine/Content/EngineMaterials/DefaultDiffuse.ubulk" 700
"../../../Engine/Content/EngineMaterials/DefaultDiffuse.uasset" 701
"../../../Engine/Content/EngineMaterials/DefaultDiffuse.uexp" 702
"../../../Engine/Content/EngineMaterials/DefaultDeferredDecalMaterial.uasset" 703
"../../../Engine/Content/EngineMaterials/DefaultDeferredDecalMaterial.uexp" 704
"../../../Engine/Content/EngineMaterials/DefaultLightFunctionMaterial.uasset" 705
"../../../Engine/Content/EngineMaterials/DefaultLightFunctionMaterial.uexp" 706
"../../../Engine/Content/Functions/Engine_MaterialFunctions02/Utility/BreakOutFloat2Components.uasset" 707
"../../../Engine/Content/Functions/Engine_MaterialFunctions02/Utility/BreakOutFloat2Components.uexp" 708
"../../../Engine/Content/EngineMaterials/DefaultPostProcessMaterial.uasset" 709
"../../../Engine/Content/EngineMaterials/DefaultPostProcessMaterial.uexp" 710
"../../../Engine/Content/EngineFonts/RobotoDistanceField.uasset" 711
"../../../Engine/Content/EngineFonts/RobotoDistanceField.uexp" 712
"../../../Engine/Content/EngineMaterials/DefaultTextMaterialOpaque.uasset" 713
"../../../Engine/Content/EngineMaterials/DefaultTextMaterialOpaque.uexp" 714
"../../../Engine/Content/EngineMaterials/DefaultWhiteGrid_Low.uasset" 715
"../../../Engine/Content/EngineMaterials/DefaultWhiteGrid_Low.uexp" 716
"../../../Engine/Content/EngineMaterials/EmissiveMeshMaterial.uasset" 717
"../../../Engine/Content/EngineMaterials/EmissiveMeshMaterial.uexp" 718
"../../../Engine/Content/EngineMaterials/BaseFlattenNormalMap.uasset" 719
"../../../Engine/Content/EngineMaterials/BaseFlattenNormalMap.uexp" 720
"../../../Engine/Content/EngineMaterials/BaseFlattenDiffuseMap.uasset" 721
"../../../Engine/Content/EngineMaterials/BaseFlattenDiffuseMap.uexp" 722
"../../../Engine/Content/EngineMaterials/BaseFlattenEmissiveMap.uasset" 723
"../../../Engine/Content/EngineMaterials/BaseFlattenEmissiveMap.uexp" 724
"../../../Engine/Content/EngineMaterials/BaseFlattenGrayscaleMap.uasset" 725
"../../../Engine/Content/EngineMaterials/BaseFlattenGrayscaleMap.uexp" 726
"../../../Engine/Content/EngineMaterials/BaseFlattenLinearColor.uasset" 727
"../../../Engine/Content/EngineMaterials/BaseFlattenLinearColor.uexp" 728
"../../../Engine/Content/Functions/Engine_MaterialFunctions02/PivotPainter2/Black_1x1_EXR_Texture.uasset" 729
"../../../Engine/Content/Functions/Engine_MaterialFunctions02/PivotPainter2/Black_1x1_EXR_Texture.uexp" 730
"../../../Engine/Content/EngineMaterials/FlattenMaterial.uasset" 731
"../../../Engine/Content/EngineMaterials/FlattenMaterial.uexp" 732
"../../../Engine/Content/EngineMaterials/BaseFlattenDiffuseMap_VT.ubulk" 733
"../../../Engine/Content/EngineMaterials/BaseFlattenDiffuseMap_VT.uasset" 734
"../../../Engine/Content/EngineMaterials/BaseFlattenDiffuseMap_VT.uexp" 735
"../../../Engine/Content/EngineMaterials/BaseFlattenEmissiveMap_VT.ubulk" 736
"../../../Engine/Content/EngineMaterials/BaseFlattenEmissiveMap_VT.uasset" 737
"../../../Engine/Content/EngineMaterials/BaseFlattenEmissiveMap_VT.uexp" 738
"../../../Engine/Content/EngineMaterials/BaseFlattenGrayscaleMap_VT.ubulk" 739
"../../../Engine/Content/EngineMaterials/BaseFlattenGrayscaleMap_VT.uasset" 740
"../../../Engine/Content/EngineMaterials/BaseFlattenGrayscaleMap_VT.uexp" 741
"../../../Engine/Content/EngineMaterials/BaseFlattenLinearColor_VT.ubulk" 742
"../../../Engine/Content/EngineMaterials/BaseFlattenLinearColor_VT.uasset" 743
"../../../Engine/Content/EngineMaterials/BaseFlattenLinearColor_VT.uexp" 744
"../../../Engine/Content/EngineMaterials/BaseFlattenNormalMap_VT.ubulk" 745
"../../../Engine/Content/EngineMaterials/BaseFlattenNormalMap_VT.uasset" 746
"../../../Engine/Content/EngineMaterials/BaseFlattenNormalMap_VT.uexp" 747
"../../../Engine/Content/EngineMaterials/Black_1x1_EXR_Texture_VT.ubulk" 748
"../../../Engine/Content/EngineMaterials/Black_1x1_EXR_Texture_VT.uasset" 749
"../../../Engine/Content/EngineMaterials/Black_1x1_EXR_Texture_VT.uexp" 750
"../../../Engine/Content/EngineMaterials/FlattenMaterial_VT.uasset" 751
"../../../Engine/Content/EngineMaterials/FlattenMaterial_VT.uexp" 752
"../../../Engine/Content/EngineMaterials/FlattenMaterial_WS_Normal_VT.uasset" 753
"../../../Engine/Content/EngineMaterials/FlattenMaterial_WS_Normal_VT.uexp" 754
"../../../Engine/Content/EngineMaterials/GizmoMaterial.uasset" 755
"../../../Engine/Content/EngineMaterials/GizmoMaterial.uexp" 756
"../../../Engine/Content/EngineMaterials/InvalidLightmapSettings.ubulk" 757
"../../../Engine/Content/EngineMaterials/InvalidLightmapSettings.uasset" 758
"../../../Engine/Content/EngineMaterials/InvalidLightmapSettings.uexp" 759
"../../../Engine/Content/EngineMaterials/M_InvalidLightmapSettings.uasset" 760
"../../../Engine/Content/EngineMaterials/M_InvalidLightmapSettings.uexp" 761
"../../../Engine/Content/EngineMaterials/NaniteHiddenSectionMaterial.uasset" 762
"../../../Engine/Content/EngineMaterials/NaniteHiddenSectionMaterial.uexp" 763
"../../../Engine/Content/Functions/Engine_MaterialFunctions02/WorldPositionOffset/CameraOffset.uasset" 764
"../../../Engine/Content/Functions/Engine_MaterialFunctions02/WorldPositionOffset/CameraOffset.uexp" 765
"../../../Engine/Content/EngineMaterials/PhAT_JointLimitMaterial.uasset" 766
"../../../Engine/Content/EngineMaterials/PhAT_JointLimitMaterial.uexp" 767
"../../../Engine/Content/EngineMaterials/DefaultCalibrationColor.uasset" 768
"../../../Engine/Content/EngineMaterials/DefaultCalibrationColor.uexp" 769
"../../../Engine/Content/EngineMaterials/PPM_DefaultCalibrationColor.uasset" 770
"../../../Engine/Content/EngineMaterials/PPM_DefaultCalibrationColor.uexp" 771
"../../../Engine/Content/EngineMaterials/DefaultCalibrationGrayscale.uasset" 772
"../../../Engine/Content/EngineMaterials/DefaultCalibrationGrayscale.uexp" 773
"../../../Engine/Content/EngineMaterials/PPM_DefaultCalibrationGrayscale.uasset" 774
"../../../Engine/Content/EngineMaterials/PPM_DefaultCalibrationGrayscale.uexp" 775
"../../../Engine/Content/EngineMaterials/RemoveSurfaceMaterial.uasset" 776
"../../../Engine/Content/EngineMaterials/RemoveSurfaceMaterial.uexp" 777
"../../../Engine/Content/EngineSky/M_SimpleSkyDome.uasset" 778
"../../../Engine/Content/EngineSky/M_SimpleSkyDome.uexp" 779
"../../../Engine/Plugins/Animation/ControlRig/Content/Controls/ControlRigGizmoMaterial.uasset" 780
"../../../Engine/Plugins/Animation/ControlRig/Content/Controls/ControlRigGizmoMaterial.uexp" 781
"../../../Engine/Plugins/Animation/ControlRig/Content/Controls/ControlRigXRayMaterial.uasset" 782
"../../../Engine/Plugins/Animation/ControlRig/Content/Controls/ControlRigXRayMaterial.uexp" 783
"../../../Engine/Content/BasicShapes/BasicShapeMaterial.uasset" 784
"../../../Engine/Content/BasicShapes/BasicShapeMaterial.uexp" 785
"../../../Engine/Content/EditorLandscapeResources/DefaultAlphaTexture.uasset" 786
"../../../Engine/Content/EditorLandscapeResources/DefaultAlphaTexture.uexp" 787
"../../../Engine/Content/EditorLandscapeResources/LandscapeDirtyMaterial.uasset" 788
"../../../Engine/Content/EditorLandscapeResources/LandscapeDirtyMaterial.uexp" 789
"../../../Engine/Content/Functions/Engine_MaterialFunctions01/Texturing/ScaleUVsByCenter.uasset" 790
"../../../Engine/Content/Functions/Engine_MaterialFunctions01/Texturing/ScaleUVsByCenter.uexp" 791
"../../../Engine/Content/Functions/Engine_MaterialFunctions02/WorldPositionOffset/LocalPosition.uasset" 792
"../../../Engine/Content/Functions/Engine_MaterialFunctions02/WorldPositionOffset/LocalPosition.uexp" 793
"../../../Engine/Content/Functions/Engine_MaterialFunctions01/Texturing/TextureCropping.uasset" 794
"../../../Engine/Content/Functions/Engine_MaterialFunctions01/Texturing/TextureCropping.uexp" 795
"../../../Engine/Content/Functions/Engine_MaterialFunctions02/ExampleContent/DebugNumberStrip.uasset" 796
"../../../Engine/Content/Functions/Engine_MaterialFunctions02/ExampleContent/DebugNumberStrip.uexp" 797
"../../../Engine/Content/Functions/Engine_MaterialFunctions01/Debug/DebugIntValues.uasset" 798
"../../../Engine/Content/Functions/Engine_MaterialFunctions01/Debug/DebugIntValues.uexp" 799
"../../../Engine/Content/EditorLandscapeResources/LandscapeLayerUsageMaterial.uasset" 800
"../../../Engine/Content/EditorLandscapeResources/LandscapeLayerUsageMaterial.uexp" 801
"../../../Engine/Content/EditorLandscapeResources/WhiteSquareTexture.uasset" 802
"../../../Engine/Content/EditorLandscapeResources/WhiteSquareTexture.uexp" 803
"../../../Engine/Content/EditorLandscapeResources/LayerVisMaterial.uasset" 804
"../../../Engine/Content/EditorLandscapeResources/LayerVisMaterial.uexp" 805
"../../../Engine/Content/EditorMaterials/PhAT_NoCollisionMaterial.uasset" 806
"../../../Engine/Content/EditorMaterials/PhAT_NoCollisionMaterial.uexp" 807
"../../../Engine/Content/EditorMaterials/PhAT_UnselectedMaterial.uasset" 808
"../../../Engine/Content/EditorMaterials/PhAT_UnselectedMaterial.uexp" 809
"../../../Engine/Content/EditorMaterials/PreviewShadowIndicator.ubulk" 810
"../../../Engine/Content/EditorMaterials/PreviewShadowIndicator.uasset" 811
"../../../Engine/Content/EditorMaterials/PreviewShadowIndicator.uexp" 812
"../../../Engine/Content/EditorMaterials/PreviewShadowIndicatorMaterial.uasset" 813
"../../../Engine/Content/EditorMaterials/PreviewShadowIndicatorMaterial.uexp" 814
"../../../Engine/Plugins/Animation/ControlRig/Content/M_Manip.uasset" 815
"../../../Engine/Plugins/Animation/ControlRig/Content/M_Manip.uexp" 816
"../../../Engine/Content/EngineMeshes/Sphere.ubulk" 817
"../../../Engine/Content/EngineMeshes/Sphere.uasset" 818
"../../../Engine/Content/EngineMeshes/Sphere.uexp" 819
"../../../Engine/Content/EngineResources/DefaultTextureCube.uasset" 820
"../../../Engine/Content/EngineResources/DefaultTextureCube.uexp" 821
"../../../Engine/Content/VREditor/TransformGizmo/Xray.uasset" 822
"../../../Engine/Content/VREditor/TransformGizmo/Xray.uexp" 823
"../../../Engine/Content/VREditor/TransformGizmo/Main.uasset" 824
"../../../Engine/Content/VREditor/TransformGizmo/Main.uexp" 825
"../../../Engine/Content/VREditor/TransformGizmo/SM_Sequencer_Node.ubulk" 826
"../../../Engine/Content/VREditor/TransformGizmo/SM_Sequencer_Node.uasset" 827
"../../../Engine/Content/VREditor/TransformGizmo/SM_Sequencer_Node.uexp" 828
"../../../Engine/Content/EditorMaterials/Camera/CineMat.uasset" 829
"../../../Engine/Content/EditorMaterials/Camera/CineMat.uexp" 830
"../../../Engine/Content/EditorMaterials/Camera/MI_CineMat_Rig.uasset" 831
"../../../Engine/Content/EditorMaterials/Camera/MI_CineMat_Rig.uexp" 832
"../../../Engine/Content/EditorMeshes/Camera/SM_CraneRig_Base.ubulk" 833
"../../../Engine/Content/EditorMeshes/Camera/SM_CraneRig_Base.uasset" 834
"../../../Engine/Content/EditorMeshes/Camera/SM_CraneRig_Base.uexp" 835
"C:/UEprojects/Warrior/Content/Assets/Textures/UI/Skills/T_RageSlash.ubulk" 836
"C:/UEprojects/Warrior/Content/Assets/Textures/UI/Skills/T_RageSlash.uasset" 837
"C:/UEprojects/Warrior/Content/Assets/Textures/UI/Skills/T_RageSlash.uexp" 838
"../../../Engine/Content/Functions/Engine_MaterialFunctions02/Texturing/CustomRotator.uasset" 839
"../../../Engine/Content/Functions/Engine_MaterialFunctions02/Texturing/CustomRotator.uexp" 840
"../../../Engine/Content/Functions/Engine_MaterialFunctions02/Utility/VectorToRadialValue.uasset" 841
"../../../Engine/Content/Functions/Engine_MaterialFunctions02/Utility/VectorToRadialValue.uexp" 842
"C:/UEprojects/Warrior/Content/Assets/Textures/UI/Skills/T_AxeEnhancedHit.ubulk" 843
"C:/UEprojects/Warrior/Content/Assets/Textures/UI/Skills/T_AxeEnhancedHit.uasset" 844
"C:/UEprojects/Warrior/Content/Assets/Textures/UI/Skills/T_AxeEnhancedHit.uexp" 845
"C:/UEprojects/Warrior/Content/Assets/Textures/UI/Material/M_SkillSlotMaster.uasset" 846
"C:/UEprojects/Warrior/Content/Assets/Textures/UI/Material/M_SkillSlotMaster.uexp" 847
"C:/UEprojects/Warrior/Content/Assets/Textures/UI/Material/MI_AxeAbilityHeavy.uasset" 848
"C:/UEprojects/Warrior/Content/Assets/Textures/UI/Material/MI_AxeAbilityHeavy.uexp" 849
"C:/UEprojects/Warrior/Content/Assets/Textures/UI/Skills/T_AxeHit.ubulk" 850
"C:/UEprojects/Warrior/Content/Assets/Textures/UI/Skills/T_AxeHit.uasset" 851
"C:/UEprojects/Warrior/Content/Assets/Textures/UI/Skills/T_AxeHit.uexp" 852
"C:/UEprojects/Warrior/Content/Assets/Textures/UI/Material/MI_AxeAbilityLight.uasset" 853
"C:/UEprojects/Warrior/Content/Assets/Textures/UI/Material/MI_AxeAbilityLight.uexp" 854
"../../../Engine/Content/EditorMeshes/Camera/SM_CraneRig_Arm.ubulk" 855
"../../../Engine/Content/EditorMeshes/Camera/SM_CraneRig_Arm.uasset" 856
"../../../Engine/Content/EditorMeshes/Camera/SM_CraneRig_Arm.uexp" 857
"../../../Engine/Content/EngineMaterials/Substrate/GLints/AGlintTex2dArray.uasset" 858
"../../../Engine/Content/EngineMaterials/Substrate/GLints/AGlintTex2dArray.uexp" 859
"../../../Engine/Content/Functions/Engine_MaterialFunctions01/Gradient/LinearGradient.uasset" 860
"../../../Engine/Content/Functions/Engine_MaterialFunctions01/Gradient/LinearGradient.uexp" 861
"../../../Engine/Content/Functions/Engine_MaterialFunctions01/ImageAdjustment/CheapContrast.uasset" 862
"../../../Engine/Content/Functions/Engine_MaterialFunctions01/ImageAdjustment/CheapContrast.uexp" 863
"C:/UEprojects/Warrior/Content/ThirdPerson/LevelPrototyping/Textures/T_GridChecker_A.ubulk" 864
"C:/UEprojects/Warrior/Content/ThirdPerson/LevelPrototyping/Textures/T_GridChecker_A.uasset" 865
"C:/UEprojects/Warrior/Content/ThirdPerson/LevelPrototyping/Textures/T_GridChecker_A.uexp" 866
"C:/UEprojects/Warrior/Content/ThirdPerson/LevelPrototyping/Materials/MF_ProcGrid.uasset" 867
"C:/UEprojects/Warrior/Content/ThirdPerson/LevelPrototyping/Materials/MF_ProcGrid.uexp" 868
"C:/UEprojects/Warrior/Content/ThirdPerson/LevelPrototyping/Materials/M_PrototypeGrid.uasset" 869
"C:/UEprojects/Warrior/Content/ThirdPerson/LevelPrototyping/Materials/M_PrototypeGrid.uexp" 870
"C:/UEprojects/Warrior/Content/ThirdPerson/LevelPrototyping/Materials/MI_PrototypeGrid_Gray1.uasset" 871
"C:/UEprojects/Warrior/Content/ThirdPerson/LevelPrototyping/Materials/MI_PrototypeGrid_Gray1.uexp" 872
"C:/UEprojects/Warrior/Content/ThirdPerson/LevelPrototyping/Materials/MI_PrototypeGrid_Gray.uasset" 873
"C:/UEprojects/Warrior/Content/ThirdPerson/LevelPrototyping/Materials/MI_PrototypeGrid_Gray.uexp" 874
"C:/UEprojects/Warrior/Content/ThirdPerson/LevelPrototyping/Meshes/SM_Cube.ubulk" 875
"C:/UEprojects/Warrior/Content/ThirdPerson/LevelPrototyping/Meshes/SM_Cube.uasset" 876
"C:/UEprojects/Warrior/Content/ThirdPerson/LevelPrototyping/Meshes/SM_Cube.uexp" 877
"../../../Engine/Content/EngineMaterials/Substrate/Glints2/AGlintTex2dArray2.uasset" 878
"../../../Engine/Content/EngineMaterials/Substrate/Glints2/AGlintTex2dArray2.uexp" 879
"../../../Engine/Content/EngineMaterials/Substrate/Volume/SubstrateSimpleVolumeEnvLUT3D.uasset" 880
"../../../Engine/Content/EngineMaterials/Substrate/Volume/SubstrateSimpleVolumeEnvLUT3D.uexp" 881
"../../../Engine/Content/EngineMaterials/Substrate/Volume/SubstrateSimpleVolumeLUT3D.uasset" 882
"../../../Engine/Content/EngineMaterials/Substrate/Volume/SubstrateSimpleVolumeLUT3D.uexp" 883
"../../../Engine/Content/ArtTools/RenderToTexture/Meshes/S_1_Unit_Plane.ubulk" 884
"../../../Engine/Content/ArtTools/RenderToTexture/Meshes/S_1_Unit_Plane.uasset" 885
"../../../Engine/Content/ArtTools/RenderToTexture/Meshes/S_1_Unit_Plane.uexp" 886
"../../../Engine/Content/VREditor/LaserPointer/VR_LaserPower_01.ubulk" 887
"../../../Engine/Content/VREditor/LaserPointer/VR_LaserPower_01.uasset" 888
"../../../Engine/Content/VREditor/LaserPointer/VR_LaserPower_01.uexp" 889
"../../../Engine/Content/VREditor/TransformGizmo/TransformGizmoMaterial.uasset" 890
"../../../Engine/Content/VREditor/TransformGizmo/TransformGizmoMaterial.uexp" 891
"../../../Engine/Content/VREditor/TransformGizmo/TranslucentTransformGizmoMaterial.uasset" 892
"../../../Engine/Content/VREditor/TransformGizmo/TranslucentTransformGizmoMaterial.uexp" 893
"../../../Engine/Content/VREditor/TransformGizmo/BoundingBoxCorner.ubulk" 894
"../../../Engine/Content/VREditor/TransformGizmo/BoundingBoxCorner.uasset" 895
"../../../Engine/Content/VREditor/TransformGizmo/BoundingBoxCorner.uexp" 896
"../../../Engine/Content/VREditor/TransformGizmo/BoundingBoxEdge.ubulk" 897
"../../../Engine/Content/VREditor/TransformGizmo/BoundingBoxEdge.uasset" 898
"../../../Engine/Content/VREditor/TransformGizmo/BoundingBoxEdge.uexp" 899
"../../../Engine/Plugins/Interchange/Assets/Content/Utilities/New_LUT.uasset" 900
"../../../Engine/Plugins/Interchange/Assets/Content/Utilities/New_LUT.uexp" 901
"../../../Engine/Plugins/Interchange/Assets/Content/Functions/MF_Iridescence.uasset" 902
"../../../Engine/Plugins/Interchange/Assets/Content/Functions/MF_Iridescence.uexp" 903
"../../../Engine/Plugins/Interchange/Assets/Content/gltf/Textures/T_White_srgb.uasset" 904
"../../../Engine/Plugins/Interchange/Assets/Content/gltf/Textures/T_White_srgb.uexp" 905
"../../../Engine/Plugins/Interchange/Assets/Content/gltf/MaterialFunctions/MF_BaseColor.uasset" 906
"../../../Engine/Plugins/Interchange/Assets/Content/gltf/MaterialFunctions/MF_BaseColor.uexp" 907
"../../../Engine/Plugins/Interchange/Assets/Content/gltf/MaterialFunctions/MF_RotateV2.uasset" 908
"../../../Engine/Plugins/Interchange/Assets/Content/gltf/MaterialFunctions/MF_RotateV2.uexp" 909
"../../../Engine/Plugins/Interchange/Assets/Content/gltf/MaterialFunctions/MF_TransformUVs.uasset" 910
"../../../Engine/Plugins/Interchange/Assets/Content/gltf/MaterialFunctions/MF_TransformUVs.uexp" 911
"../../../Engine/Plugins/Interchange/Assets/Content/gltf/MaterialFunctions/MF_IOR.uasset" 912
"../../../Engine/Plugins/Interchange/Assets/Content/gltf/MaterialFunctions/MF_IOR.uexp" 913
"../../../Engine/Plugins/Interchange/Assets/Content/gltf/MaterialFunctions/MF_Iridescence.uasset" 914
"../../../Engine/Plugins/Interchange/Assets/Content/gltf/MaterialFunctions/MF_Iridescence.uexp" 915
"../../../Engine/Plugins/Interchange/Assets/Content/gltf/Textures/T_White_Linear.uasset" 916
"../../../Engine/Plugins/Interchange/Assets/Content/gltf/Textures/T_White_Linear.uexp" 917
"../../../Engine/Plugins/Interchange/Assets/Content/gltf/MaterialFunctions/MF_MetallicRoughness.uasset" 918
"../../../Engine/Plugins/Interchange/Assets/Content/gltf/MaterialFunctions/MF_MetallicRoughness.uexp" 919
"../../../Engine/Content/Functions/Engine_MaterialFunctions02/Math/Transform3x3Matrix.uasset" 920
"../../../Engine/Content/Functions/Engine_MaterialFunctions02/Math/Transform3x3Matrix.uexp" 921
"../../../Engine/Plugins/Interchange/Assets/Content/gltf/MaterialFunctions/MF_RotateNormals_TS.uasset" 922
"../../../Engine/Plugins/Interchange/Assets/Content/gltf/MaterialFunctions/MF_RotateNormals_TS.uexp" 923
"../../../Engine/Plugins/Interchange/Assets/Content/gltf/MaterialFunctions/MF_ScaleNormal.uasset" 924
"../../../Engine/Plugins/Interchange/Assets/Content/gltf/MaterialFunctions/MF_ScaleNormal.uexp" 925
"../../../Engine/Plugins/Interchange/Assets/Content/gltf/Textures/T_Generic_N.uasset" 926
"../../../Engine/Plugins/Interchange/Assets/Content/gltf/Textures/T_Generic_N.uexp" 927
"../../../Engine/Plugins/Interchange/Assets/Content/gltf/MaterialFunctions/MF_Normals.uasset" 928
"../../../Engine/Plugins/Interchange/Assets/Content/gltf/MaterialFunctions/MF_Normals.uexp" 929
"../../../Engine/Plugins/Interchange/Assets/Content/gltf/MaterialFunctions/MF_Occlusion.uasset" 930
"../../../Engine/Plugins/Interchange/Assets/Content/gltf/MaterialFunctions/MF_Occlusion.uexp" 931
"../../../Engine/Plugins/Interchange/Assets/Content/gltf/MaterialFunctions/MF_Specular.uasset" 932
"../../../Engine/Plugins/Interchange/Assets/Content/gltf/MaterialFunctions/MF_Specular.uexp" 933
"../../../Engine/Plugins/Interchange/Assets/Content/gltf/Textures/T_Anisotropy_Direction_Linear.uasset" 934
"../../../Engine/Plugins/Interchange/Assets/Content/gltf/Textures/T_Anisotropy_Direction_Linear.uexp" 935
"../../../Engine/Plugins/Interchange/Assets/Content/gltf/MaterialFunctions/MF_SpecularAnisotropy.uasset" 936
"../../../Engine/Plugins/Interchange/Assets/Content/gltf/MaterialFunctions/MF_SpecularAnisotropy.uexp" 937
"../../../Engine/Plugins/Interchange/Assets/Content/gltf/MaterialFunctions/MF_Emissive.uasset" 938
"../../../Engine/Plugins/Interchange/Assets/Content/gltf/MaterialFunctions/MF_Emissive.uexp" 939
"../../../Engine/Content/Functions/Engine_MaterialFunctions01/Texturing/FlattenNormal.uasset" 940
"../../../Engine/Content/Functions/Engine_MaterialFunctions01/Texturing/FlattenNormal.uexp" 941
"../../../Engine/Plugins/Interchange/Assets/Content/gltf/MaterialFunctions/MF_Clearcoat.uasset" 942
"../../../Engine/Plugins/Interchange/Assets/Content/gltf/MaterialFunctions/MF_Clearcoat.uexp" 943
"../../../Engine/Plugins/Interchange/Assets/Content/gltf/MaterialBodies/MF_ClearCoat_Body.uasset" 944
"../../../Engine/Plugins/Interchange/Assets/Content/gltf/MaterialBodies/MF_ClearCoat_Body.uexp" 945
"../../../Engine/Plugins/Interchange/Assets/Content/gltf/M_ClearCoat.uasset" 946
"../../../Engine/Plugins/Interchange/Assets/Content/gltf/M_ClearCoat.uexp" 947
"../../../Engine/Plugins/Interchange/Assets/Content/gltf/MaterialInstances/MI_ClearCoat_Blend.uasset" 948
"../../../Engine/Plugins/Interchange/Assets/Content/gltf/MaterialInstances/MI_ClearCoat_Blend.uexp" 949
"../../../Engine/Plugins/Interchange/Assets/Content/gltf/MaterialInstances/MI_ClearCoat_Blend_DS.uasset" 950
"../../../Engine/Plugins/Interchange/Assets/Content/gltf/MaterialInstances/MI_ClearCoat_Blend_DS.uexp" 951
"../../../Engine/Plugins/Interchange/Assets/Content/gltf/MaterialInstances/MI_ClearCoat_Mask.uasset" 952
"../../../Engine/Plugins/Interchange/Assets/Content/gltf/MaterialInstances/MI_ClearCoat_Mask.uexp" 953
"../../../Engine/Plugins/Interchange/Assets/Content/gltf/MaterialInstances/MI_ClearCoat_Mask_DS.uasset" 954
"../../../Engine/Plugins/Interchange/Assets/Content/gltf/MaterialInstances/MI_ClearCoat_Mask_DS.uexp" 955
"../../../Engine/Plugins/Interchange/Assets/Content/gltf/MaterialInstances/MI_ClearCoat_Opaque.uasset" 956
"../../../Engine/Plugins/Interchange/Assets/Content/gltf/MaterialInstances/MI_ClearCoat_Opaque.uexp" 957
"../../../Engine/Plugins/Interchange/Assets/Content/gltf/MaterialInstances/MI_ClearCoat_Opaque_DS.uasset" 958
"../../../Engine/Plugins/Interchange/Assets/Content/gltf/MaterialInstances/MI_ClearCoat_Opaque_DS.uexp" 959
"../../../Engine/Plugins/Interchange/Assets/Content/gltf/MaterialBodies/MF_Default_Body.uasset" 960
"../../../Engine/Plugins/Interchange/Assets/Content/gltf/MaterialBodies/MF_Default_Body.uexp" 961
"../../../Engine/Plugins/Interchange/Assets/Content/gltf/M_Default.uasset" 962
"../../../Engine/Plugins/Interchange/Assets/Content/gltf/M_Default.uexp" 963
"../../../Engine/Plugins/Interchange/Assets/Content/gltf/MaterialInstances/MI_Default_Blend.uasset" 964
"../../../Engine/Plugins/Interchange/Assets/Content/gltf/MaterialInstances/MI_Default_Blend.uexp" 965
"../../../Engine/Plugins/Interchange/Assets/Content/gltf/MaterialInstances/MI_Default_Blend_DS.uasset" 966
"../../../Engine/Plugins/Interchange/Assets/Content/gltf/MaterialInstances/MI_Default_Blend_DS.uexp" 967
"../../../Engine/Plugins/Interchange/Assets/Content/gltf/MaterialInstances/MI_Default_Mask.uasset" 968
"../../../Engine/Plugins/Interchange/Assets/Content/gltf/MaterialInstances/MI_Default_Mask.uexp" 969
"../../../Engine/Plugins/Interchange/Assets/Content/gltf/MaterialInstances/MI_Default_Mask_DS.uasset" 970
"../../../Engine/Plugins/Interchange/Assets/Content/gltf/MaterialInstances/MI_Default_Mask_DS.uexp" 971
"../../../Engine/Plugins/Interchange/Assets/Content/gltf/MaterialInstances/MI_Default_Opaque.uasset" 972
"../../../Engine/Plugins/Interchange/Assets/Content/gltf/MaterialInstances/MI_Default_Opaque.uexp" 973
"../../../Engine/Plugins/Interchange/Assets/Content/gltf/MaterialInstances/MI_Default_Opaque_DS.uasset" 974
"../../../Engine/Plugins/Interchange/Assets/Content/gltf/MaterialInstances/MI_Default_Opaque_DS.uexp" 975
"../../../Engine/Plugins/Interchange/Assets/Content/gltf/MaterialFunctions/MF_Sheen.uasset" 976
"../../../Engine/Plugins/Interchange/Assets/Content/gltf/MaterialFunctions/MF_Sheen.uexp" 977
"../../../Engine/Plugins/Interchange/Assets/Content/gltf/MaterialBodies/MF_Sheen_Body.uasset" 978
"../../../Engine/Plugins/Interchange/Assets/Content/gltf/MaterialBodies/MF_Sheen_Body.uexp" 979
"../../../Engine/Plugins/Interchange/Assets/Content/gltf/M_Sheen.uasset" 980
"../../../Engine/Plugins/Interchange/Assets/Content/gltf/M_Sheen.uexp" 981
"../../../Engine/Plugins/Interchange/Assets/Content/gltf/MaterialInstances/MI_Sheen_Blend.uasset" 982
"../../../Engine/Plugins/Interchange/Assets/Content/gltf/MaterialInstances/MI_Sheen_Blend.uexp" 983
"../../../Engine/Plugins/Interchange/Assets/Content/gltf/MaterialInstances/MI_Sheen_Blend_DS.uasset" 984
"../../../Engine/Plugins/Interchange/Assets/Content/gltf/MaterialInstances/MI_Sheen_Blend_DS.uexp" 985
"../../../Engine/Plugins/Interchange/Assets/Content/gltf/MaterialInstances/MI_Sheen_Mask.uasset" 986
"../../../Engine/Plugins/Interchange/Assets/Content/gltf/MaterialInstances/MI_Sheen_Mask.uexp" 987
"../../../Engine/Plugins/Interchange/Assets/Content/gltf/MaterialInstances/MI_Sheen_Mask_DS.uasset" 988
"../../../Engine/Plugins/Interchange/Assets/Content/gltf/MaterialInstances/MI_Sheen_Mask_DS.uexp" 989
"../../../Engine/Plugins/Interchange/Assets/Content/gltf/MaterialInstances/MI_Sheen_Opaque.uasset" 990
"../../../Engine/Plugins/Interchange/Assets/Content/gltf/MaterialInstances/MI_Sheen_Opaque.uexp" 991
"../../../Engine/Plugins/Interchange/Assets/Content/gltf/MaterialInstances/MI_Sheen_Opaque_DS.uasset" 992
"../../../Engine/Plugins/Interchange/Assets/Content/gltf/MaterialInstances/MI_Sheen_Opaque_DS.uexp" 993
"../../../Engine/Content/Functions/Engine_MaterialFunctions02/Math/AddComponents.uasset" 994
"../../../Engine/Content/Functions/Engine_MaterialFunctions02/Math/AddComponents.uexp" 995
"../../../Engine/Plugins/Interchange/Assets/Content/gltf/MaterialFunctions/MF_DiffuseSpecGloss.uasset" 996
"../../../Engine/Plugins/Interchange/Assets/Content/gltf/MaterialFunctions/MF_DiffuseSpecGloss.uexp" 997
"../../../Engine/Plugins/Interchange/Assets/Content/gltf/MaterialFunctions/MF_MaxComponentValue.uasset" 998
"../../../Engine/Plugins/Interchange/Assets/Content/gltf/MaterialFunctions/MF_MaxComponentValue.uexp" 999
"../../../Engine/Plugins/Interchange/Assets/Content/gltf/MaterialFunctions/MF_PerceivedBrightness.uasset" 1000
"../../../Engine/Plugins/Interchange/Assets/Content/gltf/MaterialFunctions/MF_PerceivedBrightness.uexp" 1001
"../../../Engine/Plugins/Interchange/Assets/Content/gltf/MaterialFunctions/MF_SpecGlossToMetalRoughness.uasset" 1002
"../../../Engine/Plugins/Interchange/Assets/Content/gltf/MaterialFunctions/MF_SpecGlossToMetalRoughness.uexp" 1003
"../../../Engine/Plugins/Interchange/Assets/Content/gltf/MaterialBodies/MF_SpecularGlossiness_Body.uasset" 1004
"../../../Engine/Plugins/Interchange/Assets/Content/gltf/MaterialBodies/MF_SpecularGlossiness_Body.uexp" 1005
"../../../Engine/Plugins/Interchange/Assets/Content/gltf/M_SpecularGlossiness.uasset" 1006
"../../../Engine/Plugins/Interchange/Assets/Content/gltf/M_SpecularGlossiness.uexp" 1007
"../../../Engine/Plugins/Interchange/Assets/Content/gltf/MaterialInstances/MI_SpecularGlossiness_Blend.uasset" 1008
"../../../Engine/Plugins/Interchange/Assets/Content/gltf/MaterialInstances/MI_SpecularGlossiness_Blend.uexp" 1009
"../../../Engine/Plugins/Interchange/Assets/Content/gltf/MaterialInstances/MI_SpecularGlossiness_Blend_DS.uasset" 1010
"../../../Engine/Plugins/Interchange/Assets/Content/gltf/MaterialInstances/MI_SpecularGlossiness_Blend_DS.uexp" 1011
"../../../Engine/Plugins/Interchange/Assets/Content/gltf/MaterialInstances/MI_SpecularGlossiness_Mask.uasset" 1012
"../../../Engine/Plugins/Interchange/Assets/Content/gltf/MaterialInstances/MI_SpecularGlossiness_Mask.uexp" 1013
"../../../Engine/Plugins/Interchange/Assets/Content/gltf/MaterialInstances/MI_SpecularGlossiness_Mask_DS.uasset" 1014
"../../../Engine/Plugins/Interchange/Assets/Content/gltf/MaterialInstances/MI_SpecularGlossiness_Mask_DS.uexp" 1015
"../../../Engine/Plugins/Interchange/Assets/Content/gltf/MaterialInstances/MI_SpecularGlossiness_Opaque.uasset" 1016
"../../../Engine/Plugins/Interchange/Assets/Content/gltf/MaterialInstances/MI_SpecularGlossiness_Opaque.uexp" 1017
"../../../Engine/Plugins/Interchange/Assets/Content/gltf/MaterialInstances/MI_SpecularGlossiness_Opaque_DS.uasset" 1018
"../../../Engine/Plugins/Interchange/Assets/Content/gltf/MaterialInstances/MI_SpecularGlossiness_Opaque_DS.uexp" 1019
"../../../Engine/Content/EngineMaterials/Good64x64TilingNoiseHighFreq.uasset" 1020
"../../../Engine/Content/EngineMaterials/Good64x64TilingNoiseHighFreq.uexp" 1021
"../../../Engine/Content/Functions/Engine_MaterialFunctions02/Texturing/ScreenAlignedPixelToPixelUVs.uasset" 1022
"../../../Engine/Content/Functions/Engine_MaterialFunctions02/Texturing/ScreenAlignedPixelToPixelUVs.uexp" 1023
"../../../Engine/Plugins/Interchange/Assets/Content/gltf/MaterialFunctions/MF_Fresnel_DS.uasset" 1024
"../../../Engine/Plugins/Interchange/Assets/Content/gltf/MaterialFunctions/MF_Fresnel_DS.uexp" 1025
"../../../Engine/Plugins/Interchange/Assets/Content/gltf/MaterialFunctions/MF_Temporal_Blur.uasset" 1026
"../../../Engine/Plugins/Interchange/Assets/Content/gltf/MaterialFunctions/MF_Temporal_Blur.uexp" 1027
"../../../Engine/Plugins/Interchange/Assets/Content/gltf/MaterialFunctions/MF_Transmission.uasset" 1028
"../../../Engine/Plugins/Interchange/Assets/Content/gltf/MaterialFunctions/MF_Transmission.uexp" 1029
"../../../Engine/Plugins/Interchange/Assets/Content/gltf/MaterialBodies/MF_Transmission_Body.uasset" 1030
"../../../Engine/Plugins/Interchange/Assets/Content/gltf/MaterialBodies/MF_Transmission_Body.uexp" 1031
"../../../Engine/Plugins/Interchange/Assets/Content/gltf/M_Transmission.uasset" 1032
"../../../Engine/Plugins/Interchange/Assets/Content/gltf/M_Transmission.uexp" 1033
"../../../Engine/Plugins/Interchange/Assets/Content/gltf/MaterialInstances/MI_Transmission.uasset" 1034
"../../../Engine/Plugins/Interchange/Assets/Content/gltf/MaterialInstances/MI_Transmission.uexp" 1035
"../../../Engine/Plugins/Interchange/Assets/Content/gltf/MaterialInstances/MI_Transmission_DS.uasset" 1036
"../../../Engine/Plugins/Interchange/Assets/Content/gltf/MaterialInstances/MI_Transmission_DS.uexp" 1037
"../../../Engine/Plugins/Interchange/Assets/Content/gltf/MaterialBodies/MF_Unlit_Body.uasset" 1038
"../../../Engine/Plugins/Interchange/Assets/Content/gltf/MaterialBodies/MF_Unlit_Body.uexp" 1039
"../../../Engine/Plugins/Interchange/Assets/Content/gltf/M_Unlit.uasset" 1040
"../../../Engine/Plugins/Interchange/Assets/Content/gltf/M_Unlit.uexp" 1041
"../../../Engine/Plugins/Interchange/Assets/Content/gltf/MaterialInstances/MI_Unlit_Blend.uasset" 1042
"../../../Engine/Plugins/Interchange/Assets/Content/gltf/MaterialInstances/MI_Unlit_Blend.uexp" 1043
"../../../Engine/Plugins/Interchange/Assets/Content/gltf/MaterialInstances/MI_Unlit_Blend_DS.uasset" 1044
"../../../Engine/Plugins/Interchange/Assets/Content/gltf/MaterialInstances/MI_Unlit_Blend_DS.uexp" 1045
"../../../Engine/Plugins/Interchange/Assets/Content/gltf/MaterialInstances/MI_Unlit_Mask.uasset" 1046
"../../../Engine/Plugins/Interchange/Assets/Content/gltf/MaterialInstances/MI_Unlit_Mask.uexp" 1047
"../../../Engine/Plugins/Interchange/Assets/Content/gltf/MaterialInstances/MI_Unlit_Mask_DS.uasset" 1048
"../../../Engine/Plugins/Interchange/Assets/Content/gltf/MaterialInstances/MI_Unlit_Mask_DS.uexp" 1049
"../../../Engine/Plugins/Interchange/Assets/Content/gltf/MaterialInstances/MI_Unlit_Opaque.uasset" 1050
"../../../Engine/Plugins/Interchange/Assets/Content/gltf/MaterialInstances/MI_Unlit_Opaque.uexp" 1051
"../../../Engine/Plugins/Interchange/Assets/Content/gltf/MaterialInstances/MI_Unlit_Opaque_DS.uasset" 1052
"../../../Engine/Plugins/Interchange/Assets/Content/gltf/MaterialInstances/MI_Unlit_Opaque_DS.uexp" 1053
"../../../Engine/Content/EngineSky/VolumetricClouds/VT_PerlinWorley_Balanced.uasset" 1054
"../../../Engine/Content/EngineSky/VolumetricClouds/VT_PerlinWorley_Balanced.uexp" 1055
"../../../Engine/Content/EngineSky/VolumetricClouds/T_Profile_08.ubulk" 1056
"../../../Engine/Content/EngineSky/VolumetricClouds/T_Profile_08.uasset" 1057
"../../../Engine/Content/EngineSky/VolumetricClouds/T_Profile_08.uexp" 1058
"../../../Engine/Content/EngineSky/VolumetricClouds/T_CloudPattern.ubulk" 1059
"../../../Engine/Content/EngineSky/VolumetricClouds/T_CloudPattern.uasset" 1060
"../../../Engine/Content/EngineSky/VolumetricClouds/T_CloudPattern.uexp" 1061
"../../../Engine/Content/EngineSky/VolumetricClouds/T_CloudMask.ubulk" 1062
"../../../Engine/Content/EngineSky/VolumetricClouds/T_CloudMask.uasset" 1063
"../../../Engine/Content/EngineSky/VolumetricClouds/T_CloudMask.uexp" 1064
"../../../Engine/Content/Functions/Engine_MaterialFunctions02/Utility/BreakOutFloat4Components.uasset" 1065
"../../../Engine/Content/Functions/Engine_MaterialFunctions02/Utility/BreakOutFloat4Components.uexp" 1066
"../../../Engine/Content/EngineResources/DefaultVolumeTexture2D.uasset" 1067
"../../../Engine/Content/EngineResources/DefaultVolumeTexture2D.uexp" 1068
"../../../Engine/Content/EngineResources/DefaultVolumeTexture.uasset" 1069
"../../../Engine/Content/EngineResources/DefaultVolumeTexture.uexp" 1070
"../../../Engine/Content/Functions/Engine_MaterialFunctions02/Utility/MakeFloat4.uasset" 1071
"../../../Engine/Content/Functions/Engine_MaterialFunctions02/Utility/MakeFloat4.uexp" 1072
"../../../Engine/Content/EngineSky/VolumetricClouds/VT_Lightning.uasset" 1073
"../../../Engine/Content/EngineSky/VolumetricClouds/VT_Lightning.uexp" 1074
"../../../Engine/Content/Functions/Engine_MaterialFunctions01/Units/Km-to-Cm.uasset" 1075
"../../../Engine/Content/Functions/Engine_MaterialFunctions01/Units/Km-to-Cm.uexp" 1076
"../../../Engine/Content/EngineSky/VolumetricClouds/m_SimpleVolumetricCloud.uasset" 1077
"../../../Engine/Content/EngineSky/VolumetricClouds/m_SimpleVolumetricCloud.uexp" 1078
"../../../Engine/Content/EngineSky/VolumetricClouds/m_SimpleVolumetricCloud_Inst.uasset" 1079
"../../../Engine/Content/EngineSky/VolumetricClouds/m_SimpleVolumetricCloud_Inst.uexp" 1080
"../../../Engine/Content/EditorMeshes/Camera/SM_CraneRig_Mount.ubulk" 1081
"../../../Engine/Content/EditorMeshes/Camera/SM_CraneRig_Mount.uasset" 1082
"../../../Engine/Content/EditorMeshes/Camera/SM_CraneRig_Mount.uexp" 1083
"../../../Engine/Content/EditorMeshes/Camera/SM_CraneRig_Body.ubulk" 1084
"../../../Engine/Content/EditorMeshes/Camera/SM_CraneRig_Body.uasset" 1085
"../../../Engine/Content/EditorMeshes/Camera/SM_CraneRig_Body.uexp" 1086
"../../../Engine/Content/EditorMeshes/Camera/SM_RailRig_Mount.ubulk" 1087
"../../../Engine/Content/EditorMeshes/Camera/SM_RailRig_Mount.uasset" 1088
"../../../Engine/Content/EditorMeshes/Camera/SM_RailRig_Mount.uexp" 1089
"../../../Engine/Content/EditorMeshes/Camera/SM_RailRig_Track.ubulk" 1090
"../../../Engine/Content/EditorMeshes/Camera/SM_RailRig_Track.uasset" 1091
"../../../Engine/Content/EditorMeshes/Camera/SM_RailRig_Track.uexp" 1092
"../../../Engine/Content/EngineMaterials/WeightMapPlaceholderTexture.uasset" 1093
"../../../Engine/Content/EngineMaterials/WeightMapPlaceholderTexture.uexp" 1094
"../../../Engine/Content/EngineMaterials/WeightMapArrayPlaceholderTexture.uasset" 1095
"../../../Engine/Content/EngineMaterials/WeightMapArrayPlaceholderTexture.uexp" 1096
"../../../Engine/Content/EngineResources/WhiteSquareTexture.uasset" 1097
"../../../Engine/Content/EngineResources/WhiteSquareTexture.uexp" 1098
"../../../Engine/Content/EngineMaterials/Widget3DPassThrough.uasset" 1099
"../../../Engine/Content/EngineMaterials/Widget3DPassThrough.uexp" 1100
"../../../Engine/Content/EngineMaterials/Widget3DPassThrough_Masked.uasset" 1101
"../../../Engine/Content/EngineMaterials/Widget3DPassThrough_Masked.uexp" 1102
"../../../Engine/Content/EngineMaterials/Widget3DPassThrough_Opaque.uasset" 1103
"../../../Engine/Content/EngineMaterials/Widget3DPassThrough_Opaque.uexp" 1104
"../../../Engine/Content/EngineMaterials/Widget3DPassThrough_Masked_OneSided.uasset" 1105
"../../../Engine/Content/EngineMaterials/Widget3DPassThrough_Masked_OneSided.uexp" 1106
"../../../Engine/Content/EngineMaterials/Widget3DPassThrough_Opaque_OneSided.uasset" 1107
"../../../Engine/Content/EngineMaterials/Widget3DPassThrough_Opaque_OneSided.uexp" 1108
"../../../Engine/Content/EngineMaterials/Widget3DPassThrough_Translucent.uasset" 1109
"../../../Engine/Content/EngineMaterials/Widget3DPassThrough_Translucent.uexp" 1110
"../../../Engine/Content/EngineMaterials/Widget3DPassThrough_Translucent_OneSided.uasset" 1111
"../../../Engine/Content/EngineMaterials/Widget3DPassThrough_Translucent_OneSided.uexp" 1112
"../../../Engine/Content/EngineResources/LandscapeVisibilityLayerInfo.uasset" 1113
"../../../Engine/Content/EngineResources/LandscapeVisibilityLayerInfo.uexp" 1114
"../../../Engine/Content/EngineSky/T_Sky_Stars.ubulk" 1115
"../../../Engine/Content/EngineSky/T_Sky_Stars.uasset" 1116
"../../../Engine/Content/EngineSky/T_Sky_Stars.uexp" 1117
"../../../Engine/Content/EngineSky/T_Sky_Clouds_M.ubulk" 1118
"../../../Engine/Content/EngineSky/T_Sky_Clouds_M.uasset" 1119
"../../../Engine/Content/EngineSky/T_Sky_Clouds_M.uexp" 1120
"../../../Engine/Content/EngineSky/T_Sky_Blue.ubulk" 1121
"../../../Engine/Content/EngineSky/T_Sky_Blue.uasset" 1122
"../../../Engine/Content/EngineSky/T_Sky_Blue.uexp" 1123
"../../../Engine/Content/EngineSky/M_Sky_Panning_Clouds2.uasset" 1124
"../../../Engine/Content/EngineSky/M_Sky_Panning_Clouds2.uexp" 1125
"../../../Engine/Content/EngineSky/SM_SkySphere.ubulk" 1126
"../../../Engine/Content/EngineSky/SM_SkySphere.uasset" 1127
"../../../Engine/Content/EngineSky/SM_SkySphere.uexp" 1128
"../../../Engine/Content/VREditor/Sounds/UI/Drop_Item_From_ContentBrowser.ubulk" 1129
"../../../Engine/Content/VREditor/Sounds/UI/Drop_Item_From_ContentBrowser.uasset" 1130
"../../../Engine/Content/VREditor/Sounds/UI/Drop_Item_From_ContentBrowser.uexp" 1131
"../../../Engine/Content/VREditor/TransformGizmo/TransformGizmoMaterial_Inst.uasset" 1132
"../../../Engine/Content/VREditor/TransformGizmo/TransformGizmoMaterial_Inst.uexp" 1133
"../../../Engine/Content/VREditor/TransformGizmo/TranslucentTransformGizmoMaterial_Inst.uasset" 1134
"../../../Engine/Content/VREditor/TransformGizmo/TranslucentTransformGizmoMaterial_Inst.uexp" 1135
"../../../Engine/Content/Functions/Engine_MaterialFunctions02/SplitComponents.uasset" 1136
"../../../Engine/Content/Functions/Engine_MaterialFunctions02/SplitComponents.uexp" 1137
"../../../Engine/Content/VREditor/SnapGrid/SnapGridMaterial.uasset" 1138
"../../../Engine/Content/VREditor/SnapGrid/SnapGridMaterial.uexp" 1139
"../../../Engine/Content/VREditor/SnapGrid/SnapGridPlaneMesh.ubulk" 1140
"../../../Engine/Content/VREditor/SnapGrid/SnapGridPlaneMesh.uasset" 1141
"../../../Engine/Content/VREditor/SnapGrid/SnapGridPlaneMesh.uexp" 1142
"../../../Engine/Content/VREditor/Sounds/UI/Gizmo_Handle_Clicked.ubulk" 1143
"../../../Engine/Content/VREditor/Sounds/UI/Gizmo_Handle_Clicked.uasset" 1144
"../../../Engine/Content/VREditor/Sounds/UI/Gizmo_Handle_Clicked.uexp" 1145
"../../../Engine/Content/VREditor/Sounds/UI/Object_PickUp.ubulk" 1146
"../../../Engine/Content/VREditor/Sounds/UI/Object_PickUp.uasset" 1147
"../../../Engine/Content/VREditor/Sounds/UI/Object_PickUp.uexp" 1148
"../../../Engine/Content/VREditor/Sounds/UI/Object_Snaps_To_Another_Actor.ubulk" 1149
"../../../Engine/Content/VREditor/Sounds/UI/Object_Snaps_To_Another_Actor.uasset" 1150
"../../../Engine/Content/VREditor/Sounds/UI/Object_Snaps_To_Another_Actor.uexp" 1151
"../../../Engine/Content/VREditor/Sounds/UI/Object_Snaps_To_Grid.ubulk" 1152
"../../../Engine/Content/VREditor/Sounds/UI/Object_Snaps_To_Grid.uasset" 1153
"../../../Engine/Content/VREditor/Sounds/UI/Object_Snaps_To_Grid.uexp" 1154
"../../../Engine/Content/VREditor/Sounds/UI/Scaling_Down.ubulk" 1155
"../../../Engine/Content/VREditor/Sounds/UI/Scaling_Down.uasset" 1156
"../../../Engine/Content/VREditor/Sounds/UI/Scaling_Down.uexp" 1157
"../../../Engine/Content/VREditor/Sounds/UI/Scaling_Up.ubulk" 1158
"../../../Engine/Content/VREditor/Sounds/UI/Scaling_Up.uasset" 1159
"../../../Engine/Content/VREditor/Sounds/UI/Scaling_Up.uexp" 1160
"../../../Engine/Content/VREditor/Sounds/UI/Selection_Changes.ubulk" 1161
"../../../Engine/Content/VREditor/Sounds/UI/Selection_Changes.uasset" 1162
"../../../Engine/Content/VREditor/Sounds/UI/Selection_Changes.uexp" 1163
"../../../Engine/Content/VREditor/TransformGizmo/PlaneTranslationHandle.ubulk" 1164
"../../../Engine/Content/VREditor/TransformGizmo/PlaneTranslationHandle.uasset" 1165
"../../../Engine/Content/VREditor/TransformGizmo/PlaneTranslationHandle.uexp" 1166
"../../../Engine/Content/VREditor/TransformGizmo/RotationHandleFull.ubulk" 1167
"../../../Engine/Content/VREditor/TransformGizmo/RotationHandleFull.uasset" 1168
"../../../Engine/Content/VREditor/TransformGizmo/RotationHandleFull.uexp" 1169
"../../../Engine/Content/VREditor/TransformGizmo/RotationHandleIndicator.ubulk" 1170
"../../../Engine/Content/VREditor/TransformGizmo/RotationHandleIndicator.uasset" 1171
"../../../Engine/Content/VREditor/TransformGizmo/RotationHandleIndicator.uexp" 1172
"../../../Engine/Content/VREditor/TransformGizmo/RotationHandleQuarter.ubulk" 1173
"../../../Engine/Content/VREditor/TransformGizmo/RotationHandleQuarter.uasset" 1174
"../../../Engine/Content/VREditor/TransformGizmo/RotationHandleQuarter.uexp" 1175
"../../../Engine/Content/VREditor/TransformGizmo/StartRotationHandleIndicator.ubulk" 1176
"../../../Engine/Content/VREditor/TransformGizmo/StartRotationHandleIndicator.uasset" 1177
"../../../Engine/Content/VREditor/TransformGizmo/StartRotationHandleIndicator.uexp" 1178
"../../../Engine/Content/VREditor/TransformGizmo/TransformGizmoFreeRotation.ubulk" 1179
"../../../Engine/Content/VREditor/TransformGizmo/TransformGizmoFreeRotation.uasset" 1180
"../../../Engine/Content/VREditor/TransformGizmo/TransformGizmoFreeRotation.uexp" 1181
"../../../Engine/Content/VREditor/TransformGizmo/TranslateArrowHandle.ubulk" 1182
"../../../Engine/Content/VREditor/TransformGizmo/TranslateArrowHandle.uasset" 1183
"../../../Engine/Content/VREditor/TransformGizmo/TranslateArrowHandle.uexp" 1184
"../../../Engine/Content/VREditor/TransformGizmo/UniformScaleHandle.ubulk" 1185
"../../../Engine/Content/VREditor/TransformGizmo/UniformScaleHandle.uasset" 1186
"../../../Engine/Content/VREditor/TransformGizmo/UniformScaleHandle.uexp" 1187
"../../../Engine/Plugins/Animation/ControlRig/Content/Controls/ControlRig_Arrow2_1mm.ubulk" 1188
"../../../Engine/Plugins/Animation/ControlRig/Content/Controls/ControlRig_Arrow2_1mm.uasset" 1189
"../../../Engine/Plugins/Animation/ControlRig/Content/Controls/ControlRig_Arrow2_1mm.uexp" 1190
"../../../Engine/Plugins/Animation/ControlRig/Content/Controls/ControlRig_Arrow2_3mm.ubulk" 1191
"../../../Engine/Plugins/Animation/ControlRig/Content/Controls/ControlRig_Arrow2_3mm.uasset" 1192
"../../../Engine/Plugins/Animation/ControlRig/Content/Controls/ControlRig_Arrow2_3mm.uexp" 1193
"../../../Engine/Plugins/Animation/ControlRig/Content/Controls/ControlRig_Arrow2_solid.ubulk" 1194
"../../../Engine/Plugins/Animation/ControlRig/Content/Controls/ControlRig_Arrow2_solid.uasset" 1195
"../../../Engine/Plugins/Animation/ControlRig/Content/Controls/ControlRig_Arrow2_solid.uexp" 1196
"../../../Engine/Plugins/Animation/ControlRig/Content/Controls/ControlRig_Arrow4_1mm.ubulk" 1197
"../../../Engine/Plugins/Animation/ControlRig/Content/Controls/ControlRig_Arrow4_1mm.uasset" 1198
"../../../Engine/Plugins/Animation/ControlRig/Content/Controls/ControlRig_Arrow4_1mm.uexp" 1199
"../../../Engine/Plugins/Animation/ControlRig/Content/Controls/ControlRig_Arrow4_3mm.ubulk" 1200
"../../../Engine/Plugins/Animation/ControlRig/Content/Controls/ControlRig_Arrow4_3mm.uasset" 1201
"../../../Engine/Plugins/Animation/ControlRig/Content/Controls/ControlRig_Arrow4_3mm.uexp" 1202
"../../../Engine/Plugins/Animation/ControlRig/Content/Controls/ControlRig_Arrow4_solid.ubulk" 1203
"../../../Engine/Plugins/Animation/ControlRig/Content/Controls/ControlRig_Arrow4_solid.uasset" 1204
"../../../Engine/Plugins/Animation/ControlRig/Content/Controls/ControlRig_Arrow4_solid.uexp" 1205
"../../../Engine/Plugins/Animation/ControlRig/Content/Controls/ControlRig_Arrow_1mm.ubulk" 1206
"../../../Engine/Plugins/Animation/ControlRig/Content/Controls/ControlRig_Arrow_1mm.uasset" 1207
"../../../Engine/Plugins/Animation/ControlRig/Content/Controls/ControlRig_Arrow_1mm.uexp" 1208
"../../../Engine/Plugins/Animation/ControlRig/Content/Controls/ControlRig_Arrow_3mm.ubulk" 1209
"../../../Engine/Plugins/Animation/ControlRig/Content/Controls/ControlRig_Arrow_3mm.uasset" 1210
"../../../Engine/Plugins/Animation/ControlRig/Content/Controls/ControlRig_Arrow_3mm.uexp" 1211
"../../../Engine/Plugins/Animation/ControlRig/Content/Controls/ControlRig_Arrow_solid.ubulk" 1212
"../../../Engine/Plugins/Animation/ControlRig/Content/Controls/ControlRig_Arrow_solid.uasset" 1213
"../../../Engine/Plugins/Animation/ControlRig/Content/Controls/ControlRig_Arrow_solid.uexp" 1214
"../../../Engine/Plugins/Animation/ControlRig/Content/Controls/ControlRig_Box_1mm.ubulk" 1215
"../../../Engine/Plugins/Animation/ControlRig/Content/Controls/ControlRig_Box_1mm.uasset" 1216
"../../../Engine/Plugins/Animation/ControlRig/Content/Controls/ControlRig_Box_1mm.uexp" 1217
"../../../Engine/Plugins/Animation/ControlRig/Content/Controls/ControlRig_Box_3mm.ubulk" 1218
"../../../Engine/Plugins/Animation/ControlRig/Content/Controls/ControlRig_Box_3mm.uasset" 1219
"../../../Engine/Plugins/Animation/ControlRig/Content/Controls/ControlRig_Box_3mm.uexp" 1220
"../../../Engine/Plugins/Animation/ControlRig/Content/Controls/ControlRig_Box_solid.ubulk" 1221
"../../../Engine/Plugins/Animation/ControlRig/Content/Controls/ControlRig_Box_solid.uasset" 1222
"../../../Engine/Plugins/Animation/ControlRig/Content/Controls/ControlRig_Box_solid.uexp" 1223
"../../../Engine/Plugins/Animation/ControlRig/Content/Controls/ControlRig_Circle_1mm.ubulk" 1224
"../../../Engine/Plugins/Animation/ControlRig/Content/Controls/ControlRig_Circle_1mm.uasset" 1225
"../../../Engine/Plugins/Animation/ControlRig/Content/Controls/ControlRig_Circle_1mm.uexp" 1226
"../../../Engine/Plugins/Animation/ControlRig/Content/Controls/ControlRig_Circle_3mm.ubulk" 1227
"../../../Engine/Plugins/Animation/ControlRig/Content/Controls/ControlRig_Circle_3mm.uasset" 1228
"../../../Engine/Plugins/Animation/ControlRig/Content/Controls/ControlRig_Circle_3mm.uexp" 1229
"../../../Engine/Plugins/Animation/ControlRig/Content/Controls/ControlRig_Circle_solid.ubulk" 1230
"../../../Engine/Plugins/Animation/ControlRig/Content/Controls/ControlRig_Circle_solid.uasset" 1231
"../../../Engine/Plugins/Animation/ControlRig/Content/Controls/ControlRig_Circle_solid.uexp" 1232
"../../../Engine/Plugins/Animation/ControlRig/Content/Controls/ControlRig_Diamond_1mm.ubulk" 1233
"../../../Engine/Plugins/Animation/ControlRig/Content/Controls/ControlRig_Diamond_1mm.uasset" 1234
"../../../Engine/Plugins/Animation/ControlRig/Content/Controls/ControlRig_Diamond_1mm.uexp" 1235
"../../../Engine/Plugins/Animation/ControlRig/Content/Controls/ControlRig_Diamond_3mm.ubulk" 1236
"../../../Engine/Plugins/Animation/ControlRig/Content/Controls/ControlRig_Diamond_3mm.uasset" 1237
"../../../Engine/Plugins/Animation/ControlRig/Content/Controls/ControlRig_Diamond_3mm.uexp" 1238
"../../../Engine/Plugins/Animation/ControlRig/Content/Controls/ControlRig_Diamond_solid.ubulk" 1239
"../../../Engine/Plugins/Animation/ControlRig/Content/Controls/ControlRig_Diamond_solid.uasset" 1240
"../../../Engine/Plugins/Animation/ControlRig/Content/Controls/ControlRig_Diamond_solid.uexp" 1241
"../../../Engine/Plugins/Animation/ControlRig/Content/Controls/ControlRig_HalfCircle_1mm.ubulk" 1242
"../../../Engine/Plugins/Animation/ControlRig/Content/Controls/ControlRig_HalfCircle_1mm.uasset" 1243
"../../../Engine/Plugins/Animation/ControlRig/Content/Controls/ControlRig_HalfCircle_1mm.uexp" 1244
"../../../Engine/Plugins/Animation/ControlRig/Content/Controls/ControlRig_HalfCircle_3mm.ubulk" 1245
"../../../Engine/Plugins/Animation/ControlRig/Content/Controls/ControlRig_HalfCircle_3mm.uasset" 1246
"../../../Engine/Plugins/Animation/ControlRig/Content/Controls/ControlRig_HalfCircle_3mm.uexp" 1247
"../../../Engine/Plugins/Animation/ControlRig/Content/Controls/ControlRig_HalfCircle_solid.ubulk" 1248
"../../../Engine/Plugins/Animation/ControlRig/Content/Controls/ControlRig_HalfCircle_solid.uasset" 1249
"../../../Engine/Plugins/Animation/ControlRig/Content/Controls/ControlRig_HalfCircle_solid.uexp" 1250
"../../../Engine/Plugins/Animation/ControlRig/Content/Controls/ControlRig_Hexagon_1mm.ubulk" 1251
"../../../Engine/Plugins/Animation/ControlRig/Content/Controls/ControlRig_Hexagon_1mm.uasset" 1252
"../../../Engine/Plugins/Animation/ControlRig/Content/Controls/ControlRig_Hexagon_1mm.uexp" 1253
"../../../Engine/Plugins/Animation/ControlRig/Content/Controls/ControlRig_Hexagon_3mm.ubulk" 1254
"../../../Engine/Plugins/Animation/ControlRig/Content/Controls/ControlRig_Hexagon_3mm.uasset" 1255
"../../../Engine/Plugins/Animation/ControlRig/Content/Controls/ControlRig_Hexagon_3mm.uexp" 1256
"../../../Engine/Plugins/Animation/ControlRig/Content/Controls/ControlRig_Hexagon_solid.ubulk" 1257
"../../../Engine/Plugins/Animation/ControlRig/Content/Controls/ControlRig_Hexagon_solid.uasset" 1258
"../../../Engine/Plugins/Animation/ControlRig/Content/Controls/ControlRig_Hexagon_solid.uexp" 1259
"../../../Engine/Plugins/Animation/ControlRig/Content/Controls/ControlRig_Octagon_1mm.ubulk" 1260
"../../../Engine/Plugins/Animation/ControlRig/Content/Controls/ControlRig_Octagon_1mm.uasset" 1261
"../../../Engine/Plugins/Animation/ControlRig/Content/Controls/ControlRig_Octagon_1mm.uexp" 1262
"../../../Engine/Plugins/Animation/ControlRig/Content/Controls/ControlRig_Octagon_3mm.ubulk" 1263
"../../../Engine/Plugins/Animation/ControlRig/Content/Controls/ControlRig_Octagon_3mm.uasset" 1264
"../../../Engine/Plugins/Animation/ControlRig/Content/Controls/ControlRig_Octagon_3mm.uexp" 1265
"../../../Engine/Plugins/Animation/ControlRig/Content/Controls/ControlRig_Octagon_solid.ubulk" 1266
"../../../Engine/Plugins/Animation/ControlRig/Content/Controls/ControlRig_Octagon_solid.uasset" 1267
"../../../Engine/Plugins/Animation/ControlRig/Content/Controls/ControlRig_Octagon_solid.uexp" 1268
"../../../Engine/Plugins/Animation/ControlRig/Content/Controls/ControlRig_Pyramid_1mm.ubulk" 1269
"../../../Engine/Plugins/Animation/ControlRig/Content/Controls/ControlRig_Pyramid_1mm.uasset" 1270
"../../../Engine/Plugins/Animation/ControlRig/Content/Controls/ControlRig_Pyramid_1mm.uexp" 1271
"../../../Engine/Plugins/Animation/ControlRig/Content/Controls/ControlRig_Pyramid_3mm.ubulk" 1272
"../../../Engine/Plugins/Animation/ControlRig/Content/Controls/ControlRig_Pyramid_3mm.uasset" 1273
"../../../Engine/Plugins/Animation/ControlRig/Content/Controls/ControlRig_Pyramid_3mm.uexp" 1274
"../../../Engine/Plugins/Animation/ControlRig/Content/Controls/ControlRig_Pyramid_solid.ubulk" 1275
"../../../Engine/Plugins/Animation/ControlRig/Content/Controls/ControlRig_Pyramid_solid.uasset" 1276
"../../../Engine/Plugins/Animation/ControlRig/Content/Controls/ControlRig_Pyramid_solid.uexp" 1277
"../../../Engine/Plugins/Animation/ControlRig/Content/Controls/ControlRig_QuarterCircle_1mm.ubulk" 1278
"../../../Engine/Plugins/Animation/ControlRig/Content/Controls/ControlRig_QuarterCircle_1mm.uasset" 1279
"../../../Engine/Plugins/Animation/ControlRig/Content/Controls/ControlRig_QuarterCircle_1mm.uexp" 1280
"../../../Engine/Plugins/Animation/ControlRig/Content/Controls/ControlRig_QuarterCircle_3mm.ubulk" 1281
"../../../Engine/Plugins/Animation/ControlRig/Content/Controls/ControlRig_QuarterCircle_3mm.uasset" 1282
"../../../Engine/Plugins/Animation/ControlRig/Content/Controls/ControlRig_QuarterCircle_3mm.uexp" 1283
"../../../Engine/Plugins/Animation/ControlRig/Content/Controls/ControlRig_QuarterCircle_solid.ubulk" 1284
"../../../Engine/Plugins/Animation/ControlRig/Content/Controls/ControlRig_QuarterCircle_solid.uasset" 1285
"../../../Engine/Plugins/Animation/ControlRig/Content/Controls/ControlRig_QuarterCircle_solid.uexp" 1286
"../../../Engine/Plugins/Animation/ControlRig/Content/Controls/ControlRig_RoundedSquare_1mm.ubulk" 1287
"../../../Engine/Plugins/Animation/ControlRig/Content/Controls/ControlRig_RoundedSquare_1mm.uasset" 1288
"../../../Engine/Plugins/Animation/ControlRig/Content/Controls/ControlRig_RoundedSquare_1mm.uexp" 1289
"../../../Engine/Plugins/Animation/ControlRig/Content/Controls/ControlRig_RoundedSquare_3mm.ubulk" 1290
"../../../Engine/Plugins/Animation/ControlRig/Content/Controls/ControlRig_RoundedSquare_3mm.uasset" 1291
"../../../Engine/Plugins/Animation/ControlRig/Content/Controls/ControlRig_RoundedSquare_3mm.uexp" 1292
"../../../Engine/Plugins/Animation/ControlRig/Content/Controls/ControlRig_RoundedSquare_solid.ubulk" 1293
"../../../Engine/Plugins/Animation/ControlRig/Content/Controls/ControlRig_RoundedSquare_solid.uasset" 1294
"../../../Engine/Plugins/Animation/ControlRig/Content/Controls/ControlRig_RoundedSquare_solid.uexp" 1295
"../../../Engine/Plugins/Animation/ControlRig/Content/Controls/ControlRig_RoundedTriangle_1mm.ubulk" 1296
"../../../Engine/Plugins/Animation/ControlRig/Content/Controls/ControlRig_RoundedTriangle_1mm.uasset" 1297
"../../../Engine/Plugins/Animation/ControlRig/Content/Controls/ControlRig_RoundedTriangle_1mm.uexp" 1298
"../../../Engine/Plugins/Animation/ControlRig/Content/Controls/ControlRig_RoundedTriangle_3mm.ubulk" 1299
"../../../Engine/Plugins/Animation/ControlRig/Content/Controls/ControlRig_RoundedTriangle_3mm.uasset" 1300
"../../../Engine/Plugins/Animation/ControlRig/Content/Controls/ControlRig_RoundedTriangle_3mm.uexp" 1301
"../../../Engine/Plugins/Animation/ControlRig/Content/Controls/ControlRig_RoundedTriangle_solid.ubulk" 1302
"../../../Engine/Plugins/Animation/ControlRig/Content/Controls/ControlRig_RoundedTriangle_solid.uasset" 1303
"../../../Engine/Plugins/Animation/ControlRig/Content/Controls/ControlRig_RoundedTriangle_solid.uexp" 1304
"../../../Engine/Plugins/Animation/ControlRig/Content/Controls/ControlRig_Sphere_1mm.ubulk" 1305
"../../../Engine/Plugins/Animation/ControlRig/Content/Controls/ControlRig_Sphere_1mm.uasset" 1306
"../../../Engine/Plugins/Animation/ControlRig/Content/Controls/ControlRig_Sphere_1mm.uexp" 1307
"../../../Engine/Plugins/Animation/ControlRig/Content/Controls/ControlRig_Sphere_3mm.ubulk" 1308
"../../../Engine/Plugins/Animation/ControlRig/Content/Controls/ControlRig_Sphere_3mm.uasset" 1309
"../../../Engine/Plugins/Animation/ControlRig/Content/Controls/ControlRig_Sphere_3mm.uexp" 1310
"../../../Engine/Plugins/Animation/ControlRig/Content/Controls/ControlRig_Sphere_solid.ubulk" 1311
"../../../Engine/Plugins/Animation/ControlRig/Content/Controls/ControlRig_Sphere_solid.uasset" 1312
"../../../Engine/Plugins/Animation/ControlRig/Content/Controls/ControlRig_Sphere_solid.uexp" 1313
"../../../Engine/Plugins/Animation/ControlRig/Content/Controls/ControlRig_Square_1mm.ubulk" 1314
"../../../Engine/Plugins/Animation/ControlRig/Content/Controls/ControlRig_Square_1mm.uasset" 1315
"../../../Engine/Plugins/Animation/ControlRig/Content/Controls/ControlRig_Square_1mm.uexp" 1316
"../../../Engine/Plugins/Animation/ControlRig/Content/Controls/ControlRig_Square_3mm.ubulk" 1317
"../../../Engine/Plugins/Animation/ControlRig/Content/Controls/ControlRig_Square_3mm.uasset" 1318
"../../../Engine/Plugins/Animation/ControlRig/Content/Controls/ControlRig_Square_3mm.uexp" 1319
"../../../Engine/Plugins/Animation/ControlRig/Content/Controls/ControlRig_Square_solid.ubulk" 1320
"../../../Engine/Plugins/Animation/ControlRig/Content/Controls/ControlRig_Square_solid.uasset" 1321
"../../../Engine/Plugins/Animation/ControlRig/Content/Controls/ControlRig_Square_solid.uexp" 1322
"../../../Engine/Plugins/Animation/ControlRig/Content/Controls/ControlRig_Star4_1mm.ubulk" 1323
"../../../Engine/Plugins/Animation/ControlRig/Content/Controls/ControlRig_Star4_1mm.uasset" 1324
"../../../Engine/Plugins/Animation/ControlRig/Content/Controls/ControlRig_Star4_1mm.uexp" 1325
"../../../Engine/Plugins/Animation/ControlRig/Content/Controls/ControlRig_Star4_3mm.ubulk" 1326
"../../../Engine/Plugins/Animation/ControlRig/Content/Controls/ControlRig_Star4_3mm.uasset" 1327
"../../../Engine/Plugins/Animation/ControlRig/Content/Controls/ControlRig_Star4_3mm.uexp" 1328
"../../../Engine/Plugins/Animation/ControlRig/Content/Controls/ControlRig_Star4_solid.ubulk" 1329
"../../../Engine/Plugins/Animation/ControlRig/Content/Controls/ControlRig_Star4_solid.uasset" 1330
"../../../Engine/Plugins/Animation/ControlRig/Content/Controls/ControlRig_Star4_solid.uexp" 1331
"../../../Engine/Plugins/Animation/ControlRig/Content/Controls/ControlRig_Triangle_1mm.ubulk" 1332
"../../../Engine/Plugins/Animation/ControlRig/Content/Controls/ControlRig_Triangle_1mm.uasset" 1333
"../../../Engine/Plugins/Animation/ControlRig/Content/Controls/ControlRig_Triangle_1mm.uexp" 1334
"../../../Engine/Plugins/Animation/ControlRig/Content/Controls/ControlRig_Triangle_3mm.ubulk" 1335
"../../../Engine/Plugins/Animation/ControlRig/Content/Controls/ControlRig_Triangle_3mm.uasset" 1336
"../../../Engine/Plugins/Animation/ControlRig/Content/Controls/ControlRig_Triangle_3mm.uexp" 1337
"../../../Engine/Plugins/Animation/ControlRig/Content/Controls/ControlRig_Triangle_solid.ubulk" 1338
"../../../Engine/Plugins/Animation/ControlRig/Content/Controls/ControlRig_Triangle_solid.uasset" 1339
"../../../Engine/Plugins/Animation/ControlRig/Content/Controls/ControlRig_Triangle_solid.uexp" 1340
"../../../Engine/Plugins/Animation/ControlRig/Content/Controls/ControlRig_Wedge_1mm.ubulk" 1341
"../../../Engine/Plugins/Animation/ControlRig/Content/Controls/ControlRig_Wedge_1mm.uasset" 1342
"../../../Engine/Plugins/Animation/ControlRig/Content/Controls/ControlRig_Wedge_1mm.uexp" 1343
"../../../Engine/Plugins/Animation/ControlRig/Content/Controls/ControlRig_Wedge_3mm.ubulk" 1344
"../../../Engine/Plugins/Animation/ControlRig/Content/Controls/ControlRig_Wedge_3mm.uasset" 1345
"../../../Engine/Plugins/Animation/ControlRig/Content/Controls/ControlRig_Wedge_3mm.uexp" 1346
"../../../Engine/Plugins/Animation/ControlRig/Content/Controls/ControlRig_Wedge_solid.ubulk" 1347
"../../../Engine/Plugins/Animation/ControlRig/Content/Controls/ControlRig_Wedge_solid.uasset" 1348
"../../../Engine/Plugins/Animation/ControlRig/Content/Controls/ControlRig_Wedge_solid.uexp" 1349
"../../../Engine/Content/EngineMaterials/DefaultMaterial.uasset" 1350
"../../../Engine/Content/EngineMaterials/DefaultMaterial.uexp" 1351
"../../../Engine/Content/BasicShapes/Cone.ubulk" 1352
"../../../Engine/Content/BasicShapes/Cone.uasset" 1353
"../../../Engine/Content/BasicShapes/Cone.uexp" 1354
"../../../Engine/Content/BasicShapes/Cube.ubulk" 1355
"../../../Engine/Content/BasicShapes/Cube.uasset" 1356
"../../../Engine/Content/BasicShapes/Cube.uexp" 1357
"../../../Engine/Content/BasicShapes/Cylinder.ubulk" 1358
"../../../Engine/Content/BasicShapes/Cylinder.uasset" 1359
"../../../Engine/Content/BasicShapes/Cylinder.uexp" 1360
"../../../Engine/Content/BasicShapes/Sphere.ubulk" 1361
"../../../Engine/Content/BasicShapes/Sphere.uasset" 1362
"../../../Engine/Content/BasicShapes/Sphere.uexp" 1363
"../../../Engine/Content/EditorLandscapeResources/ColorMaskBrushMaterial.uasset" 1364
"../../../Engine/Content/EditorLandscapeResources/ColorMaskBrushMaterial.uexp" 1365
"../../../Engine/Content/EditorLandscapeResources/ColorMaskBrushMaterial_MaskedRegion.uasset" 1366
"../../../Engine/Content/EditorLandscapeResources/ColorMaskBrushMaterial_MaskedRegion.uexp" 1367
"../../../Engine/Content/Functions/Engine_MaterialFunctions03/Math/WithinRangeFloat2.uasset" 1368
"../../../Engine/Content/Functions/Engine_MaterialFunctions03/Math/WithinRangeFloat2.uexp" 1369
"../../../Engine/Content/EditorLandscapeResources/MaskBrushMaterial.uasset" 1370
"../../../Engine/Content/EditorLandscapeResources/MaskBrushMaterial.uexp" 1371
"../../../Engine/Content/EditorLandscapeResources/MaskBrushMaterial_MaskedRegion.uasset" 1372
"../../../Engine/Content/EditorLandscapeResources/MaskBrushMaterial_MaskedRegion.uexp" 1373
"../../../Engine/Content/EditorLandscapeResources/SelectBrushMaterial.uasset" 1374
"../../../Engine/Content/EditorLandscapeResources/SelectBrushMaterial.uexp" 1375
"../../../Engine/Content/EditorLandscapeResources/SelectBrushMaterial_Selected.uasset" 1376
"../../../Engine/Content/EditorLandscapeResources/SelectBrushMaterial_Selected.uexp" 1377
"../../../Engine/Content/EditorLandscapeResources/SelectBrushMaterial_SelectedRegion.uasset" 1378
"../../../Engine/Content/EditorLandscapeResources/SelectBrushMaterial_SelectedRegion.uexp" 1379
"../../../Engine/Content/EditorLandscapeResources/SplineEditorMeshMat.uasset" 1380
"../../../Engine/Content/EditorLandscapeResources/SplineEditorMeshMat.uexp" 1381
"../../../Engine/Content/EditorLandscapeResources/SplineEditorMesh.ubulk" 1382
"../../../Engine/Content/EditorLandscapeResources/SplineEditorMesh.uasset" 1383
"../../../Engine/Content/EditorLandscapeResources/SplineEditorMesh.uexp" 1384
"../../../Engine/Plugins/Media/MediaPlate/Content/SM_MediaPlateScreen.ubulk" 1385
"../../../Engine/Plugins/Media/MediaPlate/Content/SM_MediaPlateScreen.uasset" 1386
"../../../Engine/Plugins/Media/MediaPlate/Content/SM_MediaPlateScreen.uexp" 1387
"../../../Engine/Plugins/NNE/NNEDenoiser/Content/NNE_oidn2-3-0_rt_hdr_alb_nrm_small__dyn__fp16_opset11_DenoiseAlpha.uasset" 1388
"../../../Engine/Plugins/NNE/NNEDenoiser/Content/NNE_oidn2-3-0_rt_hdr_alb_nrm_small__dyn__fp16_opset11_DenoiseAlpha.uexp" 1389
"../../../Engine/Plugins/NNE/NNEDenoiser/Content/NNE_oidn2-3-0_rt_hdr_alb_nrm_small__dyn__fp16_opset11_ForwardAlpha.uasset" 1390
"../../../Engine/Plugins/NNE/NNEDenoiser/Content/NNE_oidn2-3-0_rt_hdr_alb_nrm_small__dyn__fp16_opset11_ForwardAlpha.uexp" 1391
"../../../Engine/Plugins/NNE/NNEDenoiser/Content/NNE_oidn2-3-0_rt_hdr_alb_nrm__dyn__fp16_opset11_DenoiseAlpha.uasset" 1392
"../../../Engine/Plugins/NNE/NNEDenoiser/Content/NNE_oidn2-3-0_rt_hdr_alb_nrm__dyn__fp16_opset11_DenoiseAlpha.uexp" 1393
"../../../Engine/Plugins/NNE/NNEDenoiser/Content/NNE_oidn2-3-0_rt_hdr_alb_nrm__dyn__fp16_opset11_ForwardAlpha.uasset" 1394
"../../../Engine/Plugins/NNE/NNEDenoiser/Content/NNE_oidn2-3-0_rt_hdr_alb_nrm__dyn__fp16_opset11_ForwardAlpha.uexp" 1395
"../../../Engine/Plugins/NNE/NNEDenoiser/Content/NNE_oidn2-3-0_rt_hdr_calb_cnrm_large__dyn__fp16_opset11_DenoiseAlpha.uasset" 1396
"../../../Engine/Plugins/NNE/NNEDenoiser/Content/NNE_oidn2-3-0_rt_hdr_calb_cnrm_large__dyn__fp16_opset11_DenoiseAlpha.uexp" 1397
"../../../Engine/Plugins/NNE/NNEDenoiser/Content/NNE_oidn2-3-0_rt_hdr_calb_cnrm_large__dyn__fp16_opset11_ForwardAlpha.uasset" 1398
"../../../Engine/Plugins/NNE/NNEDenoiser/Content/NNE_oidn2-3-0_rt_hdr_calb_cnrm_large__dyn__fp16_opset11_ForwardAlpha.uexp" 1399
"../../../Engine/Plugins/2D/Paper2D/Content/DefaultSpriteMaterial.uasset" 1400
"../../../Engine/Plugins/2D/Paper2D/Content/DefaultSpriteMaterial.uexp" 1401
"../../../Engine/Plugins/2D/Paper2D/Content/MaskedUnlitSpriteMaterial.uasset" 1402
"../../../Engine/Plugins/2D/Paper2D/Content/MaskedUnlitSpriteMaterial.uexp" 1403
"../../../Engine/Plugins/2D/Paper2D/Content/OpaqueUnlitSpriteMaterial.uasset" 1404
"../../../Engine/Plugins/2D/Paper2D/Content/OpaqueUnlitSpriteMaterial.uexp" 1405
"../../../Engine/Content/Functions/Engine_MaterialFunctions02/Utility/DitherTemporalAA.uasset" 1406
"../../../Engine/Content/Functions/Engine_MaterialFunctions02/Utility/DitherTemporalAA.uexp" 1407
"../../../Engine/Content/EngineMaterials/DefaultNormal.ubulk" 1408
"../../../Engine/Content/EngineMaterials/DefaultNormal.uasset" 1409
"../../../Engine/Content/EngineMaterials/DefaultNormal.uexp" 1410
"../../../Engine/Plugins/FX/Niagara/Content/MaterialFunctions/MeshInterface/Niagara_MeshReproductionSpriteUVs.uasset" 1411
"../../../Engine/Plugins/FX/Niagara/Content/MaterialFunctions/MeshInterface/Niagara_MeshReproductionSpriteUVs.uexp" 1412
"C:/UEprojects/Warrior/Content/Assets/Niagara/Dissolve/M_EnemyDissolveMaster.uasset" 1413
"C:/UEprojects/Warrior/Content/Assets/Niagara/Dissolve/M_EnemyDissolveMaster.uexp" 1414
"C:/UEprojects/Warrior/Content/Assets/Niagara/Dissolve/MI_GiantDissolve.uasset" 1415
"C:/UEprojects/Warrior/Content/Assets/Niagara/Dissolve/MI_GiantDissolve.uexp" 1416
"C:/UEprojects/Warrior/Content/Assets/Niagara/Dissolve/NS_Dissolve_FrostGiant.uasset" 1417
"C:/UEprojects/Warrior/Content/Assets/Niagara/Dissolve/NS_Dissolve_FrostGiant.uexp" 1418
"C:/UEprojects/Warrior/Content/Assets/Niagara/Dissolve/MI_GlacierDissolve.uasset" 1419
"C:/UEprojects/Warrior/Content/Assets/Niagara/Dissolve/MI_GlacierDissolve.uexp" 1420
"C:/UEprojects/Warrior/Content/Assets/Niagara/Dissolve/NS_Dissolve_Glacer.uasset" 1421
"C:/UEprojects/Warrior/Content/Assets/Niagara/Dissolve/NS_Dissolve_Glacer.uexp" 1422
"C:/UEprojects/Warrior/Content/Assets/Niagara/Dissolve/MI_GuardianDissolve.uasset" 1423
"C:/UEprojects/Warrior/Content/Assets/Niagara/Dissolve/MI_GuardianDissolve.uexp" 1424
"C:/UEprojects/Warrior/Content/Assets/Niagara/Dissolve/NS_Dissolve_Guradian.uasset" 1425
"C:/UEprojects/Warrior/Content/Assets/Niagara/Dissolve/NS_Dissolve_Guradian.uexp" 1426
"C:/UEprojects/Warrior/Content/Shared/GameplayEffect/GE_Enemy_Static.uasset" 1427
"C:/UEprojects/Warrior/Content/Shared/GameplayEffect/GE_Enemy_Static.uexp" 1428
"C:/UEprojects/Warrior/Content/EnemyCharacter/Gruntling/GameplayEffect/GE_Enemy_UnderAttack.uasset" 1429
"C:/UEprojects/Warrior/Content/EnemyCharacter/Gruntling/GameplayEffect/GE_Enemy_UnderAttack.uexp" 1430
"C:/UEprojects/Warrior/Content/Shared/GameplayAbility/GA_Enemy_HitReact_Base.uasset" 1431
"C:/UEprojects/Warrior/Content/Shared/GameplayAbility/GA_Enemy_HitReact_Base.uexp" 1432
"C:/UEprojects/Warrior/Content/Assets/Sounds/Creatures/Guardian/SW_Guardian_Roar03.ubulk" 1433
"C:/UEprojects/Warrior/Content/Assets/Sounds/Creatures/Guardian/SW_Guardian_Roar03.uasset" 1434
"C:/UEprojects/Warrior/Content/Assets/Sounds/Creatures/Guardian/SW_Guardian_Roar03.uexp" 1435
"C:/UEprojects/Warrior/Content/Assets/Sounds/Creatures/Guardian/SW_Guardian_Roar02.ubulk" 1436
"C:/UEprojects/Warrior/Content/Assets/Sounds/Creatures/Guardian/SW_Guardian_Roar02.uasset" 1437
"C:/UEprojects/Warrior/Content/Assets/Sounds/Creatures/Guardian/SW_Guardian_Roar02.uexp" 1438
"C:/UEprojects/Warrior/Content/Assets/Sounds/Creatures/Guardian/SC_Guardian_Roar.uasset" 1439
"C:/UEprojects/Warrior/Content/Assets/Sounds/Creatures/Guardian/SC_Guardian_Roar.uexp" 1440
"C:/UEprojects/Warrior/Content/Assets/Enemies/Gruntling/Enemy_Gruntling_Guardian/Enemy_Gruntling_Guardian_Animation/ExoGame_Gruntling_React_Light_Front_Alt.uasset" 1441
"C:/UEprojects/Warrior/Content/Assets/Enemies/Gruntling/Enemy_Gruntling_Guardian/Enemy_Gruntling_Guardian_Animation/ExoGame_Gruntling_React_Light_Front_Alt.uexp" 1442
"C:/UEprojects/Warrior/Content/EnemyCharacter/Gruntling/Montages/HitReact/AM_ExoGame_Gruntling_React_Light_Front_Alt.uasset" 1443
"C:/UEprojects/Warrior/Content/EnemyCharacter/Gruntling/Montages/HitReact/AM_ExoGame_Gruntling_React_Light_Front_Alt.uexp" 1444
"C:/UEprojects/Warrior/Content/Assets/Enemies/Gruntling/Enemy_Gruntling_Guardian/Enemy_Gruntling_Guardian_Animation/ExoGame_Gruntling_React_Light_Front.uasset" 1445
"C:/UEprojects/Warrior/Content/Assets/Enemies/Gruntling/Enemy_Gruntling_Guardian/Enemy_Gruntling_Guardian_Animation/ExoGame_Gruntling_React_Light_Front.uexp" 1446
"C:/UEprojects/Warrior/Content/EnemyCharacter/Gruntling/Montages/HitReact/AM_ExoGame_Gruntling_React_Light_Front.uasset" 1447
"C:/UEprojects/Warrior/Content/EnemyCharacter/Gruntling/Montages/HitReact/AM_ExoGame_Gruntling_React_Light_Front.uexp" 1448
"C:/UEprojects/Warrior/Content/EnemyCharacter/Gruntling/GameplayAbility/GA_Guardian_HitReact.uasset" 1449
"C:/UEprojects/Warrior/Content/EnemyCharacter/Gruntling/GameplayAbility/GA_Guardian_HitReact.uexp" 1450
"C:/UEprojects/Warrior/Content/EnemyCharacter/Gruntling/GameplayEffect/CT_GlacerStats.uasset" 1451
"C:/UEprojects/Warrior/Content/EnemyCharacter/Gruntling/GameplayEffect/CT_GlacerStats.uexp" 1452
"C:/UEprojects/Warrior/Content/EnemyCharacter/Gruntling/GameplayEffect/GE_Glacer_StartUp.uasset" 1453
"C:/UEprojects/Warrior/Content/EnemyCharacter/Gruntling/GameplayEffect/GE_Glacer_StartUp.uexp" 1454
"C:/UEprojects/Warrior/Content/Shared/GameplayAbility/GA_Shared_SpawnWeapon_Base.uasset" 1455
"C:/UEprojects/Warrior/Content/Shared/GameplayAbility/GA_Shared_SpawnWeapon_Base.uexp" 1456
"C:/UEprojects/Warrior/Content/EnemyCharacter/BP_EnemyWeapon_Base.uasset" 1457
"C:/UEprojects/Warrior/Content/EnemyCharacter/BP_EnemyWeapon_Base.uexp" 1458
"C:/UEprojects/Warrior/Content/Assets/Enemies/Gruntling/Weapons/Enemy_Gruntling_Weapons/Textures/T_PickAxe_N.ubulk" 1459
"C:/UEprojects/Warrior/Content/Assets/Enemies/Gruntling/Weapons/Enemy_Gruntling_Weapons/Textures/T_PickAxe_N.uasset" 1460
"C:/UEprojects/Warrior/Content/Assets/Enemies/Gruntling/Weapons/Enemy_Gruntling_Weapons/Textures/T_PickAxe_N.uexp" 1461
"C:/UEprojects/Warrior/Content/Assets/Enemies/Gruntling/Weapons/Enemy_Gruntling_Weapons/Textures/T_PickAxe_M.ubulk" 1462
"C:/UEprojects/Warrior/Content/Assets/Enemies/Gruntling/Weapons/Enemy_Gruntling_Weapons/Textures/T_PickAxe_M.uasset" 1463
"C:/UEprojects/Warrior/Content/Assets/Enemies/Gruntling/Weapons/Enemy_Gruntling_Weapons/Textures/T_PickAxe_M.uexp" 1464
"C:/UEprojects/Warrior/Content/Assets/Enemies/Gruntling/Weapons/Enemy_Gruntling_Weapons/Textures/T_PickAxe_E.ubulk" 1465
"C:/UEprojects/Warrior/Content/Assets/Enemies/Gruntling/Weapons/Enemy_Gruntling_Weapons/Textures/T_PickAxe_E.uasset" 1466
"C:/UEprojects/Warrior/Content/Assets/Enemies/Gruntling/Weapons/Enemy_Gruntling_Weapons/Textures/T_PickAxe_E.uexp" 1467
"C:/UEprojects/Warrior/Content/Assets/Enemies/Gruntling/Weapons/Enemy_Gruntling_Weapons/Textures/T_PickAxe_D.ubulk" 1468
"C:/UEprojects/Warrior/Content/Assets/Enemies/Gruntling/Weapons/Enemy_Gruntling_Weapons/Textures/T_PickAxe_D.uasset" 1469
"C:/UEprojects/Warrior/Content/Assets/Enemies/Gruntling/Weapons/Enemy_Gruntling_Weapons/Textures/T_PickAxe_D.uexp" 1470
"C:/UEprojects/Warrior/Content/Assets/Enemies/Gruntling/Weapons/Enemy_Gruntling_Weapons/Materials/M_Gruntling_weapons.uasset" 1471
"C:/UEprojects/Warrior/Content/Assets/Enemies/Gruntling/Weapons/Enemy_Gruntling_Weapons/Materials/M_Gruntling_weapons.uexp" 1472
"C:/UEprojects/Warrior/Content/Assets/Enemies/Gruntling/Weapons/Enemy_Gruntling_Weapons/Materials/MI_Glacer_Weapon.uasset" 1473
"C:/UEprojects/Warrior/Content/Assets/Enemies/Gruntling/Weapons/Enemy_Gruntling_Weapons/Materials/MI_Glacer_Weapon.uexp" 1474
"C:/UEprojects/Warrior/Content/Assets/Enemies/Gruntling/Weapons/Enemy_Gruntling_Weapons/Meshes/SM_Gruntling_Torch_Internal.ubulk" 1475
"C:/UEprojects/Warrior/Content/Assets/Enemies/Gruntling/Weapons/Enemy_Gruntling_Weapons/Meshes/SM_Gruntling_Torch_Internal.uasset" 1476
"C:/UEprojects/Warrior/Content/Assets/Enemies/Gruntling/Weapons/Enemy_Gruntling_Weapons/Meshes/SM_Gruntling_Torch_Internal.uexp" 1477
"C:/UEprojects/Warrior/Content/EnemyCharacter/Gruntling/Glacer/BP_Glacer_Weapon.uasset" 1478
"C:/UEprojects/Warrior/Content/EnemyCharacter/Gruntling/Glacer/BP_Glacer_Weapon.uexp" 1479
"C:/UEprojects/Warrior/Content/EnemyCharacter/Gruntling/GameplayAbility/GA_Glacer_SpawnWeapon.uasset" 1480
"C:/UEprojects/Warrior/Content/EnemyCharacter/Gruntling/GameplayAbility/GA_Glacer_SpawnWeapon.uexp" 1481
"C:/UEprojects/Warrior/Content/Shared/GameplayAbility/GA_Enemy_SpawnStone_Base.uasset" 1482
"C:/UEprojects/Warrior/Content/Shared/GameplayAbility/GA_Enemy_SpawnStone_Base.uexp" 1483
"C:/UEprojects/Warrior/Content/EnemyCharacter/Gruntling/GameplayAbility/GA_Glacer_SpawnStone.uasset" 1484
"C:/UEprojects/Warrior/Content/EnemyCharacter/Gruntling/GameplayAbility/GA_Glacer_SpawnStone.uexp" 1485
"C:/UEprojects/Warrior/Content/Shared/GameplayEffect/GE_Shared_DealDamage.uasset" 1486
"C:/UEprojects/Warrior/Content/Shared/GameplayEffect/GE_Shared_DealDamage.uexp" 1487
"C:/UEprojects/Warrior/Content/Shared/AnimNotify/AN_SendGameplayEventToOwner.uasset" 1488
"C:/UEprojects/Warrior/Content/Shared/AnimNotify/AN_SendGameplayEventToOwner.uexp" 1489
"C:/UEprojects/Warrior/Content/Assets/Enemies/Gruntling/Enemy_Gruntling_Guardian/Enemy_Gruntling_Guardian_Animation/ExoGame_Gruntling_Cast.uasset" 1490
"C:/UEprojects/Warrior/Content/Assets/Enemies/Gruntling/Enemy_Gruntling_Guardian/Enemy_Gruntling_Guardian_Animation/ExoGame_Gruntling_Cast.uexp" 1491
"C:/UEprojects/Warrior/Content/Assets/Sounds/Creatures/Guardian/SW_Guardian_Cast03.ubulk" 1492
"C:/UEprojects/Warrior/Content/Assets/Sounds/Creatures/Guardian/SW_Guardian_Cast03.uasset" 1493
"C:/UEprojects/Warrior/Content/Assets/Sounds/Creatures/Guardian/SW_Guardian_Cast03.uexp" 1494
"C:/UEprojects/Warrior/Content/Assets/Sounds/Creatures/Guardian/SC_Guardian_Cast2.uasset" 1495
"C:/UEprojects/Warrior/Content/Assets/Sounds/Creatures/Guardian/SC_Guardian_Cast2.uexp" 1496
"C:/UEprojects/Warrior/Content/EnemyCharacter/Gruntling/Montages/AM_ExoGame_Gruntling_Cast.uasset" 1497
"C:/UEprojects/Warrior/Content/EnemyCharacter/Gruntling/Montages/AM_ExoGame_Gruntling_Cast.uexp" 1498
"C:/UEprojects/Warrior/Content/Shared/BP_Projectile_Base.uasset" 1499
"C:/UEprojects/Warrior/Content/Shared/BP_Projectile_Base.uexp" 1500
"../../../Engine/Plugins/FX/Niagara/Content/DefaultAssets/DefaultSpriteMaterial.uasset" 1501
"../../../Engine/Plugins/FX/Niagara/Content/DefaultAssets/DefaultSpriteMaterial.uexp" 1502
"C:/UEprojects/Warrior/Content/Assets/Niagara/Projectiles/Impact/T_Fire_B.ubulk" 1503
"C:/UEprojects/Warrior/Content/Assets/Niagara/Projectiles/Impact/T_Fire_B.uasset" 1504
"C:/UEprojects/Warrior/Content/Assets/Niagara/Projectiles/Impact/T_Fire_B.uexp" 1505
"C:/UEprojects/Warrior/Content/Assets/Niagara/Projectiles/Impact/MI_ImpactBurstFire.uasset" 1506
"C:/UEprojects/Warrior/Content/Assets/Niagara/Projectiles/Impact/MI_ImpactBurstFire.uexp" 1507
"C:/UEprojects/Warrior/Content/Assets/Niagara/Projectiles/Impact/NS_FireyImpact.uasset" 1508
"C:/UEprojects/Warrior/Content/Assets/Niagara/Projectiles/Impact/NS_FireyImpact.uexp" 1509
"C:/UEprojects/Warrior/Content/Assets/Sounds/Abilities/SW_Ability_MeteorWhoosh_01.ubulk" 1510
"C:/UEprojects/Warrior/Content/Assets/Sounds/Abilities/SW_Ability_MeteorWhoosh_01.uasset" 1511
"C:/UEprojects/Warrior/Content/Assets/Sounds/Abilities/SW_Ability_MeteorWhoosh_01.uexp" 1512
"C:/UEprojects/Warrior/Content/Assets/Sounds/Abilities/SC_Ability_MeteorWhoosh.uasset" 1513
"C:/UEprojects/Warrior/Content/Assets/Sounds/Abilities/SC_Ability_MeteorWhoosh.uexp" 1514
"C:/UEprojects/Warrior/Content/Assets/Niagara/Projectiles/Muzzle/NS_FireyProjectileMuzzle.uasset" 1515
"C:/UEprojects/Warrior/Content/Assets/Niagara/Projectiles/Muzzle/NS_FireyProjectileMuzzle.uexp" 1516
"C:/UEprojects/Warrior/Content/Assets/Niagara/Projectiles/SM_Projectile.ubulk" 1517
"C:/UEprojects/Warrior/Content/Assets/Niagara/Projectiles/SM_Projectile.uasset" 1518
"C:/UEprojects/Warrior/Content/Assets/Niagara/Projectiles/SM_Projectile.uexp" 1519
"C:/UEprojects/Warrior/Content/Assets/Niagara/Projectiles/ProjectileMain/T_Soft_Noise.ubulk" 1520
"C:/UEprojects/Warrior/Content/Assets/Niagara/Projectiles/ProjectileMain/T_Soft_Noise.uasset" 1521
"C:/UEprojects/Warrior/Content/Assets/Niagara/Projectiles/ProjectileMain/T_Soft_Noise.uexp" 1522
"C:/UEprojects/Warrior/Content/Assets/Niagara/Projectiles/MilkyFire/T_Swirly_Noise_highContrast.ubulk" 1523
"C:/UEprojects/Warrior/Content/Assets/Niagara/Projectiles/MilkyFire/T_Swirly_Noise_highContrast.uasset" 1524
"C:/UEprojects/Warrior/Content/Assets/Niagara/Projectiles/MilkyFire/T_Swirly_Noise_highContrast.uexp" 1525
"C:/UEprojects/Warrior/Content/Assets/Niagara/Projectiles/MilkyFire/T_Lightning_B_Tile_Chromatic.ubulk" 1526
"C:/UEprojects/Warrior/Content/Assets/Niagara/Projectiles/MilkyFire/T_Lightning_B_Tile_Chromatic.uasset" 1527
"C:/UEprojects/Warrior/Content/Assets/Niagara/Projectiles/MilkyFire/T_Lightning_B_Tile_Chromatic.uexp" 1528
"C:/UEprojects/Warrior/Content/Assets/Niagara/Projectiles/MilkyFire/T_Coil_ImpactDecalSplashEmissiveMask.ubulk" 1529
"C:/UEprojects/Warrior/Content/Assets/Niagara/Projectiles/MilkyFire/T_Coil_ImpactDecalSplashEmissiveMask.uasset" 1530
"C:/UEprojects/Warrior/Content/Assets/Niagara/Projectiles/MilkyFire/T_Coil_ImpactDecalSplashEmissiveMask.uexp" 1531
"C:/UEprojects/Warrior/Content/Assets/Niagara/Projectiles/MilkyFire/M_MilkyFire.uasset" 1532
"C:/UEprojects/Warrior/Content/Assets/Niagara/Projectiles/MilkyFire/M_MilkyFire.uexp" 1533
"C:/UEprojects/Warrior/Content/Assets/Niagara/Projectiles/MilkyFire/MI_MilkyFire.uasset" 1534
"C:/UEprojects/Warrior/Content/Assets/Niagara/Projectiles/MilkyFire/MI_MilkyFire.uexp" 1535
"../../../Engine/Content/Functions/Engine_MaterialFunctions03/Procedurals/GeneratedBand.uasset" 1536
"../../../Engine/Content/Functions/Engine_MaterialFunctions03/Procedurals/GeneratedBand.uexp" 1537
"C:/UEprojects/Warrior/Content/Assets/Niagara/Projectiles/ProjectileMain/T_SmokeTile.ubulk" 1538
"C:/UEprojects/Warrior/Content/Assets/Niagara/Projectiles/ProjectileMain/T_SmokeTile.uasset" 1539
"C:/UEprojects/Warrior/Content/Assets/Niagara/Projectiles/ProjectileMain/T_SmokeTile.uexp" 1540
"C:/UEprojects/Warrior/Content/Assets/Niagara/Projectiles/ProjectileMain/T_SmokeRend_N.ubulk" 1541
"C:/UEprojects/Warrior/Content/Assets/Niagara/Projectiles/ProjectileMain/T_SmokeRend_N.uasset" 1542
"C:/UEprojects/Warrior/Content/Assets/Niagara/Projectiles/ProjectileMain/T_SmokeRend_N.uexp" 1543
"C:/UEprojects/Warrior/Content/Assets/Niagara/Projectiles/ProjectileMain/T_ShieldLightrays.ubulk" 1544
"C:/UEprojects/Warrior/Content/Assets/Niagara/Projectiles/ProjectileMain/T_ShieldLightrays.uasset" 1545
"C:/UEprojects/Warrior/Content/Assets/Niagara/Projectiles/ProjectileMain/T_ShieldLightrays.uexp" 1546
"C:/UEprojects/Warrior/Content/Assets/Niagara/Projectiles/ProjectileMain/T_Plasma_Aurora_Seamless.ubulk" 1547
"C:/UEprojects/Warrior/Content/Assets/Niagara/Projectiles/ProjectileMain/T_Plasma_Aurora_Seamless.uasset" 1548
"C:/UEprojects/Warrior/Content/Assets/Niagara/Projectiles/ProjectileMain/T_Plasma_Aurora_Seamless.uexp" 1549
"C:/UEprojects/Warrior/Content/Assets/Niagara/Projectiles/ProjectileMain/M_ProjectileShell.uasset" 1550
"C:/UEprojects/Warrior/Content/Assets/Niagara/Projectiles/ProjectileMain/M_ProjectileShell.uexp" 1551
"C:/UEprojects/Warrior/Content/Assets/Niagara/Projectiles/ProjectileMain/MI_ProjectileBlack.uasset" 1552
"C:/UEprojects/Warrior/Content/Assets/Niagara/Projectiles/ProjectileMain/MI_ProjectileBlack.uexp" 1553
"C:/UEprojects/Warrior/Content/Assets/Niagara/Projectiles/ProjectileMain/MI_ProjectileShell.uasset" 1554
"C:/UEprojects/Warrior/Content/Assets/Niagara/Projectiles/ProjectileMain/MI_ProjectileShell.uexp" 1555
"C:/UEprojects/Warrior/Content/Assets/Niagara/Projectiles/NS_FireyProjectile.uasset" 1556
"C:/UEprojects/Warrior/Content/Assets/Niagara/Projectiles/NS_FireyProjectile.uexp" 1557
"C:/UEprojects/Warrior/Content/Assets/Sounds/Abilities/SW_Ability_MeteorImpact02.ubulk" 1558
"C:/UEprojects/Warrior/Content/Assets/Sounds/Abilities/SW_Ability_MeteorImpact02.uasset" 1559
"C:/UEprojects/Warrior/Content/Assets/Sounds/Abilities/SW_Ability_MeteorImpact02.uexp" 1560
"C:/UEprojects/Warrior/Content/Assets/Sounds/Abilities/SW_Ability_MeteorImpact01.ubulk" 1561
"C:/UEprojects/Warrior/Content/Assets/Sounds/Abilities/SW_Ability_MeteorImpact01.uasset" 1562
"C:/UEprojects/Warrior/Content/Assets/Sounds/Abilities/SW_Ability_MeteorImpact01.uexp" 1563
"C:/UEprojects/Warrior/Content/Assets/Sounds/Abilities/SC_Ability_MeteorImpact.uasset" 1564
"C:/UEprojects/Warrior/Content/Assets/Sounds/Abilities/SC_Ability_MeteorImpact.uexp" 1565
"C:/UEprojects/Warrior/Content/EnemyCharacter/Gruntling/Glacer/BP_Projectile_Glacer.uasset" 1566
"C:/UEprojects/Warrior/Content/EnemyCharacter/Gruntling/Glacer/BP_Projectile_Glacer.uexp" 1567
"C:/UEprojects/Warrior/Content/EnemyCharacter/Gruntling/GameplayAbility/GA_Glacer_ShootProjectile.uasset" 1568
"C:/UEprojects/Warrior/Content/EnemyCharacter/Gruntling/GameplayAbility/GA_Glacer_ShootProjectile.uexp" 1569
"C:/UEprojects/Warrior/Content/Shared/GameplayAbility/GA_Enemy_MeleeAttack_Base.uasset" 1570
"C:/UEprojects/Warrior/Content/Shared/GameplayAbility/GA_Enemy_MeleeAttack_Base.uexp" 1571
"C:/UEprojects/Warrior/Content/Shared/AnimNotifyState/ANS_ToggleWeaponCollision.uasset" 1572
"C:/UEprojects/Warrior/Content/Shared/AnimNotifyState/ANS_ToggleWeaponCollision.uexp" 1573
"C:/UEprojects/Warrior/Content/Assets/Niagara/Trails/T_Venus_Trail.ubulk" 1574
"C:/UEprojects/Warrior/Content/Assets/Niagara/Trails/T_Venus_Trail.uasset" 1575
"C:/UEprojects/Warrior/Content/Assets/Niagara/Trails/T_Venus_Trail.uexp" 1576
"C:/UEprojects/Warrior/Content/Assets/Niagara/Trails/T_Trail_Mask.ubulk" 1577
"C:/UEprojects/Warrior/Content/Assets/Niagara/Trails/T_Trail_Mask.uasset" 1578
"C:/UEprojects/Warrior/Content/Assets/Niagara/Trails/T_Trail_Mask.uexp" 1579
"C:/UEprojects/Warrior/Content/Assets/Niagara/Trails/T_Streak_Soft_Trail_02.ubulk" 1580
"C:/UEprojects/Warrior/Content/Assets/Niagara/Trails/T_Streak_Soft_Trail_02.uasset" 1581
"C:/UEprojects/Warrior/Content/Assets/Niagara/Trails/T_Streak_Soft_Trail_02.uexp" 1582
"C:/UEprojects/Warrior/Content/Assets/Niagara/Trails/T_Inky_Smoke_Tile.ubulk" 1583
"C:/UEprojects/Warrior/Content/Assets/Niagara/Trails/T_Inky_Smoke_Tile.uasset" 1584
"C:/UEprojects/Warrior/Content/Assets/Niagara/Trails/T_Inky_Smoke_Tile.uexp" 1585
"C:/UEprojects/Warrior/Content/Assets/Niagara/Trails/M_TrailMaster_Trans.uasset" 1586
"C:/UEprojects/Warrior/Content/Assets/Niagara/Trails/M_TrailMaster_Trans.uexp" 1587
"C:/UEprojects/Warrior/Content/Assets/Niagara/MasterMaterial/M_BasicDot_Trans.uasset" 1588
"C:/UEprojects/Warrior/Content/Assets/Niagara/MasterMaterial/M_BasicDot_Trans.uexp" 1589
"C:/UEprojects/Warrior/Content/Assets/Niagara/Trails/NS_Glacer_Trail.uasset" 1590
"C:/UEprojects/Warrior/Content/Assets/Niagara/Trails/NS_Glacer_Trail.uexp" 1591
"C:/UEprojects/Warrior/Content/Assets/Enemies/Gruntling/Enemy_Gruntling_Guardian/Enemy_Gruntling_Guardian_Animation/GuardiantMeleeAttack_2.uasset" 1592
"C:/UEprojects/Warrior/Content/Assets/Enemies/Gruntling/Enemy_Gruntling_Guardian/Enemy_Gruntling_Guardian_Animation/GuardiantMeleeAttack_2.uexp" 1593
"C:/UEprojects/Warrior/Content/Assets/Sounds/Creatures/Guardian/SC_Guardian_Attack.uasset" 1594
"C:/UEprojects/Warrior/Content/Assets/Sounds/Creatures/Guardian/SC_Guardian_Attack.uexp" 1595
"C:/UEprojects/Warrior/Content/Assets/Sounds/Weapons/Hammer/SW_Hammer_Swing03.ubulk" 1596
"C:/UEprojects/Warrior/Content/Assets/Sounds/Weapons/Hammer/SW_Hammer_Swing03.uasset" 1597
"C:/UEprojects/Warrior/Content/Assets/Sounds/Weapons/Hammer/SW_Hammer_Swing03.uexp" 1598
"C:/UEprojects/Warrior/Content/Assets/Sounds/Weapons/Hammer/SW_Hammer_Swing02.ubulk" 1599
"C:/UEprojects/Warrior/Content/Assets/Sounds/Weapons/Hammer/SW_Hammer_Swing02.uasset" 1600
"C:/UEprojects/Warrior/Content/Assets/Sounds/Weapons/Hammer/SW_Hammer_Swing02.uexp" 1601
"C:/UEprojects/Warrior/Content/Assets/Sounds/Weapons/Hammer/SW_Hammer_Swing01.ubulk" 1602
"C:/UEprojects/Warrior/Content/Assets/Sounds/Weapons/Hammer/SW_Hammer_Swing01.uasset" 1603
"C:/UEprojects/Warrior/Content/Assets/Sounds/Weapons/Hammer/SW_Hammer_Swing01.uexp" 1604
"C:/UEprojects/Warrior/Content/Assets/Sounds/Weapons/Hammer/SC_Hammer_Swing.uasset" 1605
"C:/UEprojects/Warrior/Content/Assets/Sounds/Weapons/Hammer/SC_Hammer_Swing.uexp" 1606
"C:/UEprojects/Warrior/Content/EnemyCharacter/Gruntling/Montages/Melee/AM_Glacer_MeleeAttack_1.uasset" 1607
"C:/UEprojects/Warrior/Content/EnemyCharacter/Gruntling/Montages/Melee/AM_Glacer_MeleeAttack_1.uexp" 1608
"C:/UEprojects/Warrior/Content/EnemyCharacter/Gruntling/GameplayAbility/GA_Glacer_Melee_1.uasset" 1609
"C:/UEprojects/Warrior/Content/EnemyCharacter/Gruntling/GameplayAbility/GA_Glacer_Melee_1.uexp" 1610
"C:/UEprojects/Warrior/Content/Shared/GameplayAbility/GA_Enemy_Death_Base.uasset" 1611
"C:/UEprojects/Warrior/Content/Shared/GameplayAbility/GA_Enemy_Death_Base.uexp" 1612
"C:/UEprojects/Warrior/Content/Assets/Enemies/Gruntling/Enemy_Gruntling_Guardian/Enemy_Gruntling_Guardian_Animation/ExoGame_Gruntling_Death_Small_Alt.uasset" 1613
"C:/UEprojects/Warrior/Content/Assets/Enemies/Gruntling/Enemy_Gruntling_Guardian/Enemy_Gruntling_Guardian_Animation/ExoGame_Gruntling_Death_Small_Alt.uexp" 1614
"C:/UEprojects/Warrior/Content/EnemyCharacter/Gruntling/Montages/Death/AM_ExoGame_Gruntling_Death_Small_Alt.uasset" 1615
"C:/UEprojects/Warrior/Content/EnemyCharacter/Gruntling/Montages/Death/AM_ExoGame_Gruntling_Death_Small_Alt.uexp" 1616
"C:/UEprojects/Warrior/Content/Assets/Enemies/Gruntling/Enemy_Gruntling_Guardian/Enemy_Gruntling_Guardian_Animation/ExoGame_Gruntling_Death_Small_05.uasset" 1617
"C:/UEprojects/Warrior/Content/Assets/Enemies/Gruntling/Enemy_Gruntling_Guardian/Enemy_Gruntling_Guardian_Animation/ExoGame_Gruntling_Death_Small_05.uexp" 1618
"C:/UEprojects/Warrior/Content/EnemyCharacter/Gruntling/Montages/Death/AM_ExoGame_Gruntling_Death_Small_05.uasset" 1619
"C:/UEprojects/Warrior/Content/EnemyCharacter/Gruntling/Montages/Death/AM_ExoGame_Gruntling_Death_Small_05.uexp" 1620
"C:/UEprojects/Warrior/Content/Assets/Enemies/Gruntling/Enemy_Gruntling_Guardian/Enemy_Gruntling_Guardian_Animation/ExoGame_Gruntling_Death_Small_04.uasset" 1621
"C:/UEprojects/Warrior/Content/Assets/Enemies/Gruntling/Enemy_Gruntling_Guardian/Enemy_Gruntling_Guardian_Animation/ExoGame_Gruntling_Death_Small_04.uexp" 1622
"C:/UEprojects/Warrior/Content/EnemyCharacter/Gruntling/Montages/Death/AM_ExoGame_Gruntling_Death_Small_04.uasset" 1623
"C:/UEprojects/Warrior/Content/EnemyCharacter/Gruntling/Montages/Death/AM_ExoGame_Gruntling_Death_Small_04.uexp" 1624
"C:/UEprojects/Warrior/Content/Assets/Enemies/Gruntling/Enemy_Gruntling_Guardian/Enemy_Gruntling_Guardian_Animation/ExoGame_Gruntling_Death_Small_03.uasset" 1625
"C:/UEprojects/Warrior/Content/Assets/Enemies/Gruntling/Enemy_Gruntling_Guardian/Enemy_Gruntling_Guardian_Animation/ExoGame_Gruntling_Death_Small_03.uexp" 1626
"C:/UEprojects/Warrior/Content/EnemyCharacter/Gruntling/Montages/Death/AM_ExoGame_Gruntling_Death_Small_03.uasset" 1627
"C:/UEprojects/Warrior/Content/EnemyCharacter/Gruntling/Montages/Death/AM_ExoGame_Gruntling_Death_Small_03.uexp" 1628
"C:/UEprojects/Warrior/Content/Assets/Enemies/Gruntling/Enemy_Gruntling_Guardian/Enemy_Gruntling_Guardian_Animation/ExoGame_Gruntling_Death_Small.uasset" 1629
"C:/UEprojects/Warrior/Content/Assets/Enemies/Gruntling/Enemy_Gruntling_Guardian/Enemy_Gruntling_Guardian_Animation/ExoGame_Gruntling_Death_Small.uexp" 1630
"C:/UEprojects/Warrior/Content/EnemyCharacter/Gruntling/Montages/Death/AM_ExoGame_Gruntling_Death_Small.uasset" 1631
"C:/UEprojects/Warrior/Content/EnemyCharacter/Gruntling/Montages/Death/AM_ExoGame_Gruntling_Death_Small.uexp" 1632
"C:/UEprojects/Warrior/Content/Assets/Enemies/Gruntling/Enemy_Gruntling_Guardian/Enemy_Gruntling_Guardian_Animation/ExoGame_Gruntling_Death.uasset" 1633
"C:/UEprojects/Warrior/Content/Assets/Enemies/Gruntling/Enemy_Gruntling_Guardian/Enemy_Gruntling_Guardian_Animation/ExoGame_Gruntling_Death.uexp" 1634
"C:/UEprojects/Warrior/Content/EnemyCharacter/Gruntling/Montages/Death/AM_ExoGame_Gruntling_Death.uasset" 1635
"C:/UEprojects/Warrior/Content/EnemyCharacter/Gruntling/Montages/Death/AM_ExoGame_Gruntling_Death.uexp" 1636
"C:/UEprojects/Warrior/Content/EnemyCharacter/Gruntling/GameplayAbility/GA_Glacer_Death.uasset" 1637
"C:/UEprojects/Warrior/Content/EnemyCharacter/Gruntling/GameplayAbility/GA_Glacer_Death.uexp" 1638
"C:/UEprojects/Warrior/Content/EnemyCharacter/Gruntling/Glacer/DA_Glacer.uasset" 1639
"C:/UEprojects/Warrior/Content/EnemyCharacter/Gruntling/Glacer/DA_Glacer.uexp" 1640
"C:/UEprojects/Warrior/Content/EnemyCharacter/Gruntling/GameplayEffect/CT_GuardianStats.uasset" 1641
"C:/UEprojects/Warrior/Content/EnemyCharacter/Gruntling/GameplayEffect/CT_GuardianStats.uexp" 1642
"C:/UEprojects/Warrior/Content/EnemyCharacter/Gruntling/GameplayEffect/GE_Guardian_StartUp.uasset" 1643
"C:/UEprojects/Warrior/Content/EnemyCharacter/Gruntling/GameplayEffect/GE_Guardian_StartUp.uexp" 1644
"C:/UEprojects/Warrior/Content/EnemyCharacter/Gruntling/GameplayAbility/GA_Guardian_SpawnStone.uasset" 1645
"C:/UEprojects/Warrior/Content/EnemyCharacter/Gruntling/GameplayAbility/GA_Guardian_SpawnStone.uexp" 1646
"C:/UEprojects/Warrior/Content/Assets/Enemies/Gruntling/Weapons/Enemy_Gruntling_Weapons/Materials/MI_GuardianWeapon.uasset" 1647
"C:/UEprojects/Warrior/Content/Assets/Enemies/Gruntling/Weapons/Enemy_Gruntling_Weapons/Materials/MI_GuardianWeapon.uexp" 1648
"C:/UEprojects/Warrior/Content/Assets/Enemies/Gruntling/Weapons/Enemy_Gruntling_Weapons/Meshes/SM_Gruntling_Weapon01_Internal.ubulk" 1649
"C:/UEprojects/Warrior/Content/Assets/Enemies/Gruntling/Weapons/Enemy_Gruntling_Weapons/Meshes/SM_Gruntling_Weapon01_Internal.uasset" 1650
"C:/UEprojects/Warrior/Content/Assets/Enemies/Gruntling/Weapons/Enemy_Gruntling_Weapons/Meshes/SM_Gruntling_Weapon01_Internal.uexp" 1651
"C:/UEprojects/Warrior/Content/EnemyCharacter/Gruntling/Guardian/BP_GuardianWeapon.uasset" 1652
"C:/UEprojects/Warrior/Content/EnemyCharacter/Gruntling/Guardian/BP_GuardianWeapon.uexp" 1653
"C:/UEprojects/Warrior/Content/EnemyCharacter/Gruntling/GameplayAbility/GA_Guardian_SapwnWeapon.uasset" 1654
"C:/UEprojects/Warrior/Content/EnemyCharacter/Gruntling/GameplayAbility/GA_Guardian_SapwnWeapon.uexp" 1655
"C:/UEprojects/Warrior/Content/EnemyCharacter/Gruntling/GameplayAbility/GA_Guardian_Death.uasset" 1656
"C:/UEprojects/Warrior/Content/EnemyCharacter/Gruntling/GameplayAbility/GA_Guardian_Death.uexp" 1657
"C:/UEprojects/Warrior/Content/Assets/Enemies/Gruntling/Enemy_Gruntling_Guardian/Enemy_Gruntling_Guardian_Animation/GuardiantMeleeAttack_1_Adjusted.uasset" 1658
"C:/UEprojects/Warrior/Content/Assets/Enemies/Gruntling/Enemy_Gruntling_Guardian/Enemy_Gruntling_Guardian_Animation/GuardiantMeleeAttack_1_Adjusted.uexp" 1659
"C:/UEprojects/Warrior/Content/EnemyCharacter/Gruntling/Montages/Melee/AM_GuardiantMeleeAttack_1_Adjusted.uasset" 1660
"C:/UEprojects/Warrior/Content/EnemyCharacter/Gruntling/Montages/Melee/AM_GuardiantMeleeAttack_1_Adjusted.uexp" 1661
"C:/UEprojects/Warrior/Content/EnemyCharacter/Gruntling/GameplayAbility/GA_GuardianMelee_1.uasset" 1662
"C:/UEprojects/Warrior/Content/EnemyCharacter/Gruntling/GameplayAbility/GA_GuardianMelee_1.uexp" 1663
"C:/UEprojects/Warrior/Content/EnemyCharacter/Gruntling/Montages/Melee/AM_GuardiantMeleeAttack_2.uasset" 1664
"C:/UEprojects/Warrior/Content/EnemyCharacter/Gruntling/Montages/Melee/AM_GuardiantMeleeAttack_2.uexp" 1665
"C:/UEprojects/Warrior/Content/EnemyCharacter/Gruntling/GameplayAbility/GA_GuardianMelee_2.uasset" 1666
"C:/UEprojects/Warrior/Content/EnemyCharacter/Gruntling/GameplayAbility/GA_GuardianMelee_2.uexp" 1667
"C:/UEprojects/Warrior/Content/EnemyCharacter/Gruntling/Guardian/DA_Guardian.uasset" 1668
"C:/UEprojects/Warrior/Content/EnemyCharacter/Gruntling/Guardian/DA_Guardian.uexp" 1669
"C:/UEprojects/Warrior/Content/Assets/Enemies/Enemy_Frost_Giant/Enemy_Frost_Giant_All_Animation/ExoGame_Troll_React_Death.uasset" 1670
"C:/UEprojects/Warrior/Content/Assets/Enemies/Enemy_Frost_Giant/Enemy_Frost_Giant_All_Animation/ExoGame_Troll_React_Death.uexp" 1671
"C:/UEprojects/Warrior/Content/EnemyCharacter/FrostGiantCaptain/Montages/AM_ExoGame_Troll_React_Death.uasset" 1672
"C:/UEprojects/Warrior/Content/EnemyCharacter/FrostGiantCaptain/Montages/AM_ExoGame_Troll_React_Death.uexp" 1673
"C:/UEprojects/Warrior/Content/EnemyCharacter/FrostGiantCaptain/GameplayAbility/GA_FrostGiant_Death.uasset" 1674
"C:/UEprojects/Warrior/Content/EnemyCharacter/FrostGiantCaptain/GameplayAbility/GA_FrostGiant_Death.uexp" 1675
"C:/UEprojects/Warrior/Content/EnemyCharacter/FrostGiantCaptain/GameplayAbility/GA_FrostGiant_HitReact.uasset" 1676
"C:/UEprojects/Warrior/Content/EnemyCharacter/FrostGiantCaptain/GameplayAbility/GA_FrostGiant_HitReact.uexp" 1677
"C:/UEprojects/Warrior/Content/Assets/Sounds/Weapons/SW_Weapon_FireSwing04.ubulk" 1678
"C:/UEprojects/Warrior/Content/Assets/Sounds/Weapons/SW_Weapon_FireSwing04.uasset" 1679
"C:/UEprojects/Warrior/Content/Assets/Sounds/Weapons/SW_Weapon_FireSwing04.uexp" 1680
"C:/UEprojects/Warrior/Content/Assets/Sounds/Weapons/SW_Weapon_FireSwing03.ubulk" 1681
"C:/UEprojects/Warrior/Content/Assets/Sounds/Weapons/SW_Weapon_FireSwing03.uasset" 1682
"C:/UEprojects/Warrior/Content/Assets/Sounds/Weapons/SW_Weapon_FireSwing03.uexp" 1683
"C:/UEprojects/Warrior/Content/Assets/Sounds/Weapons/SW_Weapon_FireSwing02.ubulk" 1684
"C:/UEprojects/Warrior/Content/Assets/Sounds/Weapons/SW_Weapon_FireSwing02.uasset" 1685
"C:/UEprojects/Warrior/Content/Assets/Sounds/Weapons/SW_Weapon_FireSwing02.uexp" 1686
"C:/UEprojects/Warrior/Content/Assets/Sounds/Weapons/SW_Weapon_FireSwing01.ubulk" 1687
"C:/UEprojects/Warrior/Content/Assets/Sounds/Weapons/SW_Weapon_FireSwing01.uasset" 1688
"C:/UEprojects/Warrior/Content/Assets/Sounds/Weapons/SW_Weapon_FireSwing01.uexp" 1689
"C:/UEprojects/Warrior/Content/Assets/Sounds/Weapons/Axe/SC_Axe_Swing.uasset" 1690
"C:/UEprojects/Warrior/Content/Assets/Sounds/Weapons/Axe/SC_Axe_Swing.uexp" 1691
"C:/UEprojects/Warrior/Content/Assets/Niagara/Trails/NS_Giant_Trail.uasset" 1692
"C:/UEprojects/Warrior/Content/Assets/Niagara/Trails/NS_Giant_Trail.uexp" 1693
"C:/UEprojects/Warrior/Content/Assets/Enemies/Enemy_Frost_Giant/Enemy_Frost_Giant_All_Animation/ExoGame_FrostGiant_Attck_Melee_A.uasset" 1694
"C:/UEprojects/Warrior/Content/Assets/Enemies/Enemy_Frost_Giant/Enemy_Frost_Giant_All_Animation/ExoGame_FrostGiant_Attck_Melee_A.uexp" 1695
"C:/UEprojects/Warrior/Content/EnemyCharacter/FrostGiantCaptain/Montages/AM_ExoGame_FrostGiant_Attck_Melee_A.uasset" 1696
"C:/UEprojects/Warrior/Content/EnemyCharacter/FrostGiantCaptain/Montages/AM_ExoGame_FrostGiant_Attck_Melee_A.uexp" 1697
"C:/UEprojects/Warrior/Content/EnemyCharacter/FrostGiantCaptain/GameplayEffect/CT_FrostGiantStats.uasset" 1698
"C:/UEprojects/Warrior/Content/EnemyCharacter/FrostGiantCaptain/GameplayEffect/CT_FrostGiantStats.uexp" 1699
"C:/UEprojects/Warrior/Content/EnemyCharacter/FrostGiantCaptain/GameplayAbility/GA_FrostGiant_MeleeAttack_1.uasset" 1700
"C:/UEprojects/Warrior/Content/EnemyCharacter/FrostGiantCaptain/GameplayAbility/GA_FrostGiant_MeleeAttack_1.uexp" 1701
"C:/UEprojects/Warrior/Content/Assets/Enemies/Enemy_Frost_Giant/Enemy_Frost_Giant_All_Animation/ExoGame_FrostGiant_Attck_Melee_C.uasset" 1702
"C:/UEprojects/Warrior/Content/Assets/Enemies/Enemy_Frost_Giant/Enemy_Frost_Giant_All_Animation/ExoGame_FrostGiant_Attck_Melee_C.uexp" 1703
"C:/UEprojects/Warrior/Content/EnemyCharacter/FrostGiantCaptain/Montages/AM_ExoGame_FrostGiant_Attck_Melee_C.uasset" 1704
"C:/UEprojects/Warrior/Content/EnemyCharacter/FrostGiantCaptain/Montages/AM_ExoGame_FrostGiant_Attck_Melee_C.uexp" 1705
"C:/UEprojects/Warrior/Content/EnemyCharacter/FrostGiantCaptain/GameplayAbility/GA_FrostGiant_MeleeAttack_2.uasset" 1706
"C:/UEprojects/Warrior/Content/EnemyCharacter/FrostGiantCaptain/GameplayAbility/GA_FrostGiant_MeleeAttack_2.uexp" 1707
"C:/UEprojects/Warrior/Content/Assets/Enemies/Enemy_Frost_Giant/Enemy_Frost_Giant_All_Animation/ExoGame_FrostGiant_Attck_Melee_Combo.uasset" 1708
"C:/UEprojects/Warrior/Content/Assets/Enemies/Enemy_Frost_Giant/Enemy_Frost_Giant_All_Animation/ExoGame_FrostGiant_Attck_Melee_Combo.uexp" 1709
"../../../Engine/Plugins/FX/Niagara/Content/DefaultAssets/M_Gnomon_Alpha.uasset" 1710
"../../../Engine/Plugins/FX/Niagara/Content/DefaultAssets/M_Gnomon_Alpha.uexp" 1711
"C:/UEprojects/Warrior/Content/Assets/Niagara/GroundRocks/SM_RedBuff_RocksGround.ubulk" 1712
"C:/UEprojects/Warrior/Content/Assets/Niagara/GroundRocks/SM_RedBuff_RocksGround.uasset" 1713
"C:/UEprojects/Warrior/Content/Assets/Niagara/GroundRocks/SM_RedBuff_RocksGround.uexp" 1714
"C:/UEprojects/Warrior/Content/Assets/Niagara/GroundRocks/T_Rock_Granite_Large_Grey_Mossy_pjtsT_4K_Albedo.ubulk" 1715
"C:/UEprojects/Warrior/Content/Assets/Niagara/GroundRocks/T_Rock_Granite_Large_Grey_Mossy_pjtsT_4K_Albedo.uasset" 1716
"C:/UEprojects/Warrior/Content/Assets/Niagara/GroundRocks/T_Rock_Granite_Large_Grey_Mossy_pjtsT_4K_Albedo.uexp" 1717
"C:/UEprojects/Warrior/Content/Assets/Niagara/GroundRocks/T_RockGranite_Large_Grey_Mossy_pjtsT_4K_Normal_LOD1.ubulk" 1718
"C:/UEprojects/Warrior/Content/Assets/Niagara/GroundRocks/T_RockGranite_Large_Grey_Mossy_pjtsT_4K_Normal_LOD1.uasset" 1719
"C:/UEprojects/Warrior/Content/Assets/Niagara/GroundRocks/T_RockGranite_Large_Grey_Mossy_pjtsT_4K_Normal_LOD1.uexp" 1720
"C:/UEprojects/Warrior/Content/Assets/Niagara/GroundRocks/T_RockGraniteLarge_Grey_Mossy_pjtsT_4K_Displacement.ubulk" 1721
"C:/UEprojects/Warrior/Content/Assets/Niagara/GroundRocks/T_RockGraniteLarge_Grey_Mossy_pjtsT_4K_Displacement.uasset" 1722
"C:/UEprojects/Warrior/Content/Assets/Niagara/GroundRocks/T_RockGraniteLarge_Grey_Mossy_pjtsT_4K_Displacement.uexp" 1723
"C:/UEprojects/Warrior/Content/Assets/Niagara/GroundRocks/T_CliffRockTile_03_D.ubulk" 1724
"C:/UEprojects/Warrior/Content/Assets/Niagara/GroundRocks/T_CliffRockTile_03_D.uasset" 1725
"C:/UEprojects/Warrior/Content/Assets/Niagara/GroundRocks/T_CliffRockTile_03_D.uexp" 1726
"C:/UEprojects/Warrior/Content/Assets/Niagara/GroundRocks/M_RockBase.uasset" 1727
"C:/UEprojects/Warrior/Content/Assets/Niagara/GroundRocks/M_RockBase.uexp" 1728
"C:/UEprojects/Warrior/Content/Assets/Niagara/AxeHeavyAOE/Debris/T_Concrete_Rubble_rhlxZ_2K_N.ubulk" 1729
"C:/UEprojects/Warrior/Content/Assets/Niagara/AxeHeavyAOE/Debris/T_Concrete_Rubble_rhlxZ_2K_N.uasset" 1730
"C:/UEprojects/Warrior/Content/Assets/Niagara/AxeHeavyAOE/Debris/T_Concrete_Rubble_rhlxZ_2K_N.uexp" 1731
"C:/UEprojects/Warrior/Content/Assets/Niagara/AxeHeavyAOE/Debris/T_Concrete_Rubble_rhlxZ_2K_D.ubulk" 1732
"C:/UEprojects/Warrior/Content/Assets/Niagara/AxeHeavyAOE/Debris/T_Concrete_Rubble_rhlxZ_2K_D.uasset" 1733
"C:/UEprojects/Warrior/Content/Assets/Niagara/AxeHeavyAOE/Debris/T_Concrete_Rubble_rhlxZ_2K_D.uexp" 1734
"C:/UEprojects/Warrior/Content/Assets/Niagara/AxeHeavyAOE/Debris/T_ConcreteRubble_rhlxZ_2K_DpR.ubulk" 1735
"C:/UEprojects/Warrior/Content/Assets/Niagara/AxeHeavyAOE/Debris/T_ConcreteRubble_rhlxZ_2K_DpR.uasset" 1736
"C:/UEprojects/Warrior/Content/Assets/Niagara/AxeHeavyAOE/Debris/T_ConcreteRubble_rhlxZ_2K_DpR.uexp" 1737
"../../../Engine/Plugins/Bridge/Content/MSPresets/MSTextures/BlackPlaceholder.uasset" 1738
"../../../Engine/Plugins/Bridge/Content/MSPresets/MSTextures/BlackPlaceholder.uexp" 1739
"../../../Engine/Plugins/Bridge/Content/MSPresets/MSTextures/Placeholder_Normal.uasset" 1740
"../../../Engine/Plugins/Bridge/Content/MSPresets/MSTextures/Placeholder_Normal.uexp" 1741
"../../../Engine/Plugins/Bridge/Content/MSPresets/MSTextures/WhitePlaceholder.uasset" 1742
"../../../Engine/Plugins/Bridge/Content/MSPresets/MSTextures/WhitePlaceholder.uexp" 1743
"C:/UEprojects/Warrior/Content/Assets/Niagara/AxeHeavyAOE/Debris/MF_ObjAdjustments.uasset" 1744
"C:/UEprojects/Warrior/Content/Assets/Niagara/AxeHeavyAOE/Debris/MF_ObjAdjustments.uexp" 1745
"C:/UEprojects/Warrior/Content/Assets/Niagara/AxeHeavyAOE/Debris/M_MS_Default_Material.uasset" 1746
"C:/UEprojects/Warrior/Content/Assets/Niagara/AxeHeavyAOE/Debris/M_MS_Default_Material.uexp" 1747
"C:/UEprojects/Warrior/Content/Assets/Niagara/AxeHeavyAOE/Debris/MI_Concrete_Rubble_rhlxZ_2K.uasset" 1748
"C:/UEprojects/Warrior/Content/Assets/Niagara/AxeHeavyAOE/Debris/MI_Concrete_Rubble_rhlxZ_2K.uexp" 1749
"C:/UEprojects/Warrior/Content/Assets/Niagara/AxeHeavyAOE/Debris/S_Concrete_Rubble_rhlxZ_lod3_Var2.ubulk" 1750
"C:/UEprojects/Warrior/Content/Assets/Niagara/AxeHeavyAOE/Debris/S_Concrete_Rubble_rhlxZ_lod3_Var2.uasset" 1751
"C:/UEprojects/Warrior/Content/Assets/Niagara/AxeHeavyAOE/Debris/S_Concrete_Rubble_rhlxZ_lod3_Var2.uexp" 1752
"C:/UEprojects/Warrior/Content/Assets/Niagara/AxeHeavyAOE/Debris/S_Concrete_Rubble_rhlxZ_lod3_Var3.ubulk" 1753
"C:/UEprojects/Warrior/Content/Assets/Niagara/AxeHeavyAOE/Debris/S_Concrete_Rubble_rhlxZ_lod3_Var3.uasset" 1754
"C:/UEprojects/Warrior/Content/Assets/Niagara/AxeHeavyAOE/Debris/S_Concrete_Rubble_rhlxZ_lod3_Var3.uexp" 1755
"C:/UEprojects/Warrior/Content/Assets/Niagara/AxeHeavyAOE/Debris/S_Concrete_Rubble_rhlxZ_lod3_Var4.ubulk" 1756
"C:/UEprojects/Warrior/Content/Assets/Niagara/AxeHeavyAOE/Debris/S_Concrete_Rubble_rhlxZ_lod3_Var4.uasset" 1757
"C:/UEprojects/Warrior/Content/Assets/Niagara/AxeHeavyAOE/Debris/S_Concrete_Rubble_rhlxZ_lod3_Var4.uexp" 1758
"C:/UEprojects/Warrior/Content/Assets/Niagara/AxeHeavyAOE/Debris/S_Concrete_Rubble_rhlxZ_lod3_Var5.ubulk" 1759
"C:/UEprojects/Warrior/Content/Assets/Niagara/AxeHeavyAOE/Debris/S_Concrete_Rubble_rhlxZ_lod3_Var5.uasset" 1760
"C:/UEprojects/Warrior/Content/Assets/Niagara/AxeHeavyAOE/Debris/S_Concrete_Rubble_rhlxZ_lod3_Var5.uexp" 1761
"C:/UEprojects/Warrior/Content/Assets/Niagara/AxeHeavyAOE/Debris/S_Concrete_Rubble_rhlxZ_lod3_Var6.ubulk" 1762
"C:/UEprojects/Warrior/Content/Assets/Niagara/AxeHeavyAOE/Debris/S_Concrete_Rubble_rhlxZ_lod3_Var6.uasset" 1763
"C:/UEprojects/Warrior/Content/Assets/Niagara/AxeHeavyAOE/Debris/S_Concrete_Rubble_rhlxZ_lod3_Var6.uexp" 1764
"C:/UEprojects/Warrior/Content/Assets/Niagara/AxeHeavyAOE/Debris/S_Concrete_Rubble_rhlxZ_lod3_Var7.ubulk" 1765
"C:/UEprojects/Warrior/Content/Assets/Niagara/AxeHeavyAOE/Debris/S_Concrete_Rubble_rhlxZ_lod3_Var7.uasset" 1766
"C:/UEprojects/Warrior/Content/Assets/Niagara/AxeHeavyAOE/Debris/S_Concrete_Rubble_rhlxZ_lod3_Var7.uexp" 1767
"C:/UEprojects/Warrior/Content/Assets/Niagara/AxeHeavyAOE/Debris/S_Concrete_Rubble_rhlxZ_lod3_Var8.ubulk" 1768
"C:/UEprojects/Warrior/Content/Assets/Niagara/AxeHeavyAOE/Debris/S_Concrete_Rubble_rhlxZ_lod3_Var8.uasset" 1769
"C:/UEprojects/Warrior/Content/Assets/Niagara/AxeHeavyAOE/Debris/S_Concrete_Rubble_rhlxZ_lod3_Var8.uexp" 1770
"C:/UEprojects/Warrior/Content/Assets/Niagara/AxeHeavyAOE/Debris/S_Concrete_Rubble_rhlxZ_lod3_Var9.ubulk" 1771
"C:/UEprojects/Warrior/Content/Assets/Niagara/AxeHeavyAOE/Debris/S_Concrete_Rubble_rhlxZ_lod3_Var9.uasset" 1772
"C:/UEprojects/Warrior/Content/Assets/Niagara/AxeHeavyAOE/Debris/S_Concrete_Rubble_rhlxZ_lod3_Var9.uexp" 1773
"C:/UEprojects/Warrior/Content/Assets/Niagara/Refraction/T_Perlin_Noise_M.ubulk" 1774
"C:/UEprojects/Warrior/Content/Assets/Niagara/Refraction/T_Perlin_Noise_M.uasset" 1775
"C:/UEprojects/Warrior/Content/Assets/Niagara/Refraction/T_Perlin_Noise_M.uexp" 1776
"C:/UEprojects/Warrior/Content/Assets/Niagara/AxeHeavyAOE/T_Turbulence_Seamless.ubulk" 1777
"C:/UEprojects/Warrior/Content/Assets/Niagara/AxeHeavyAOE/T_Turbulence_Seamless.uasset" 1778
"C:/UEprojects/Warrior/Content/Assets/Niagara/AxeHeavyAOE/T_Turbulence_Seamless.uexp" 1779
"C:/UEprojects/Warrior/Content/Assets/Niagara/MasterMaterial/M_SingleTextureDecalMaster_Trans.uasset" 1780
"C:/UEprojects/Warrior/Content/Assets/Niagara/MasterMaterial/M_SingleTextureDecalMaster_Trans.uexp" 1781
"C:/UEprojects/Warrior/Content/Assets/Niagara/AxeHeavyAOE/T_BlastMark_Rock01.ubulk" 1782
"C:/UEprojects/Warrior/Content/Assets/Niagara/AxeHeavyAOE/T_BlastMark_Rock01.uasset" 1783
"C:/UEprojects/Warrior/Content/Assets/Niagara/AxeHeavyAOE/T_BlastMark_Rock01.uexp" 1784
"C:/UEprojects/Warrior/Content/Assets/Niagara/AxeHeavyAOE/MI_AOEGroundMark.uasset" 1785
"C:/UEprojects/Warrior/Content/Assets/Niagara/AxeHeavyAOE/MI_AOEGroundMark.uexp" 1786
"C:/UEprojects/Warrior/Content/Assets/Niagara/Impact/NS_TrollImpact.uasset" 1787
"C:/UEprojects/Warrior/Content/Assets/Niagara/Impact/NS_TrollImpact.uexp" 1788
"C:/UEprojects/Warrior/Content/Assets/Sounds/Creatures/IceGiant/Sounds/SoundWaves/Rampage_Effort_Swing_09.ubulk" 1789
"C:/UEprojects/Warrior/Content/Assets/Sounds/Creatures/IceGiant/Sounds/SoundWaves/Rampage_Effort_Swing_09.uasset" 1790
"C:/UEprojects/Warrior/Content/Assets/Sounds/Creatures/IceGiant/Sounds/SoundWaves/Rampage_Effort_Swing_09.uexp" 1791
"C:/UEprojects/Warrior/Content/Assets/Sounds/Creatures/IceGiant/Sounds/DialogueWaves/Rampage_Effort_Swing_09_Dialogue.uasset" 1792
"C:/UEprojects/Warrior/Content/Assets/Sounds/Creatures/IceGiant/Sounds/DialogueWaves/Rampage_Effort_Swing_09_Dialogue.uexp" 1793
"C:/UEprojects/Warrior/Content/Assets/Sounds/Creatures/IceGiant/Sounds/SoundWaves/Rampage_Effort_Swing_08.ubulk" 1794
"C:/UEprojects/Warrior/Content/Assets/Sounds/Creatures/IceGiant/Sounds/SoundWaves/Rampage_Effort_Swing_08.uasset" 1795
"C:/UEprojects/Warrior/Content/Assets/Sounds/Creatures/IceGiant/Sounds/SoundWaves/Rampage_Effort_Swing_08.uexp" 1796
"C:/UEprojects/Warrior/Content/Assets/Sounds/Creatures/IceGiant/Sounds/DialogueWaves/Rampage_Effort_Swing_08_Dialogue.uasset" 1797
"C:/UEprojects/Warrior/Content/Assets/Sounds/Creatures/IceGiant/Sounds/DialogueWaves/Rampage_Effort_Swing_08_Dialogue.uexp" 1798
"C:/UEprojects/Warrior/Content/Assets/Sounds/Creatures/IceGiant/Sounds/SoundWaves/Rampage_Effort_Swing_07.ubulk" 1799
"C:/UEprojects/Warrior/Content/Assets/Sounds/Creatures/IceGiant/Sounds/SoundWaves/Rampage_Effort_Swing_07.uasset" 1800
"C:/UEprojects/Warrior/Content/Assets/Sounds/Creatures/IceGiant/Sounds/SoundWaves/Rampage_Effort_Swing_07.uexp" 1801
"C:/UEprojects/Warrior/Content/Assets/Sounds/Creatures/IceGiant/Sounds/DialogueWaves/Rampage_Effort_Swing_07_Dialogue.uasset" 1802
"C:/UEprojects/Warrior/Content/Assets/Sounds/Creatures/IceGiant/Sounds/DialogueWaves/Rampage_Effort_Swing_07_Dialogue.uexp" 1803
"C:/UEprojects/Warrior/Content/Assets/Sounds/Creatures/IceGiant/Sounds/SoundWaves/Rampage_Effort_Swing_06.ubulk" 1804
"C:/UEprojects/Warrior/Content/Assets/Sounds/Creatures/IceGiant/Sounds/SoundWaves/Rampage_Effort_Swing_06.uasset" 1805
"C:/UEprojects/Warrior/Content/Assets/Sounds/Creatures/IceGiant/Sounds/SoundWaves/Rampage_Effort_Swing_06.uexp" 1806
"C:/UEprojects/Warrior/Content/Assets/Sounds/Creatures/IceGiant/Sounds/DialogueWaves/Rampage_Effort_Swing_06_Dialogue.uasset" 1807
"C:/UEprojects/Warrior/Content/Assets/Sounds/Creatures/IceGiant/Sounds/DialogueWaves/Rampage_Effort_Swing_06_Dialogue.uexp" 1808
"C:/UEprojects/Warrior/Content/Assets/Sounds/Creatures/IceGiant/Sounds/SoundWaves/Rampage_Effort_Swing_05.ubulk" 1809
"C:/UEprojects/Warrior/Content/Assets/Sounds/Creatures/IceGiant/Sounds/SoundWaves/Rampage_Effort_Swing_05.uasset" 1810
"C:/UEprojects/Warrior/Content/Assets/Sounds/Creatures/IceGiant/Sounds/SoundWaves/Rampage_Effort_Swing_05.uexp" 1811
"C:/UEprojects/Warrior/Content/Assets/Sounds/Creatures/IceGiant/Sounds/DialogueWaves/Rampage_Effort_Swing_05_Dialogue.uasset" 1812
"C:/UEprojects/Warrior/Content/Assets/Sounds/Creatures/IceGiant/Sounds/DialogueWaves/Rampage_Effort_Swing_05_Dialogue.uexp" 1813
"C:/UEprojects/Warrior/Content/Assets/Sounds/Creatures/IceGiant/Sounds/SoundWaves/Rampage_Effort_Swing_04.ubulk" 1814
"C:/UEprojects/Warrior/Content/Assets/Sounds/Creatures/IceGiant/Sounds/SoundWaves/Rampage_Effort_Swing_04.uasset" 1815
"C:/UEprojects/Warrior/Content/Assets/Sounds/Creatures/IceGiant/Sounds/SoundWaves/Rampage_Effort_Swing_04.uexp" 1816
"C:/UEprojects/Warrior/Content/Assets/Sounds/Creatures/IceGiant/Sounds/DialogueWaves/Rampage_Effort_Swing_04_Dialogue.uasset" 1817
"C:/UEprojects/Warrior/Content/Assets/Sounds/Creatures/IceGiant/Sounds/DialogueWaves/Rampage_Effort_Swing_04_Dialogue.uexp" 1818
"C:/UEprojects/Warrior/Content/Assets/Sounds/Creatures/IceGiant/Sounds/SoundWaves/Rampage_Effort_Swing_03.ubulk" 1819
"C:/UEprojects/Warrior/Content/Assets/Sounds/Creatures/IceGiant/Sounds/SoundWaves/Rampage_Effort_Swing_03.uasset" 1820
"C:/UEprojects/Warrior/Content/Assets/Sounds/Creatures/IceGiant/Sounds/SoundWaves/Rampage_Effort_Swing_03.uexp" 1821
"C:/UEprojects/Warrior/Content/Assets/Sounds/Creatures/IceGiant/Sounds/DialogueWaves/Rampage_Effort_Swing_03_Dialogue.uasset" 1822
"C:/UEprojects/Warrior/Content/Assets/Sounds/Creatures/IceGiant/Sounds/DialogueWaves/Rampage_Effort_Swing_03_Dialogue.uexp" 1823
"C:/UEprojects/Warrior/Content/Assets/Sounds/Creatures/IceGiant/Sounds/SoundWaves/Rampage_Effort_Swing_02.ubulk" 1824
"C:/UEprojects/Warrior/Content/Assets/Sounds/Creatures/IceGiant/Sounds/SoundWaves/Rampage_Effort_Swing_02.uasset" 1825
"C:/UEprojects/Warrior/Content/Assets/Sounds/Creatures/IceGiant/Sounds/SoundWaves/Rampage_Effort_Swing_02.uexp" 1826
"C:/UEprojects/Warrior/Content/Assets/Sounds/Creatures/IceGiant/Sounds/DialogueWaves/Rampage_Effort_Swing_02_Dialogue.uasset" 1827
"C:/UEprojects/Warrior/Content/Assets/Sounds/Creatures/IceGiant/Sounds/DialogueWaves/Rampage_Effort_Swing_02_Dialogue.uexp" 1828
"C:/UEprojects/Warrior/Content/Assets/Sounds/Creatures/IceGiant/Sounds/SoundWaves/Rampage_Effort_Swing_01.ubulk" 1829
"C:/UEprojects/Warrior/Content/Assets/Sounds/Creatures/IceGiant/Sounds/SoundWaves/Rampage_Effort_Swing_01.uasset" 1830
"C:/UEprojects/Warrior/Content/Assets/Sounds/Creatures/IceGiant/Sounds/SoundWaves/Rampage_Effort_Swing_01.uexp" 1831
"C:/UEprojects/Warrior/Content/Assets/Sounds/Creatures/IceGiant/Sounds/DialogueWaves/Rampage_Effort_Swing_01_Dialogue.uasset" 1832
"C:/UEprojects/Warrior/Content/Assets/Sounds/Creatures/IceGiant/Sounds/DialogueWaves/Rampage_Effort_Swing_01_Dialogue.uexp" 1833
"C:/UEprojects/Warrior/Content/Assets/Sounds/Creatures/IceGiant/SC_Giant_Swing_2.uasset" 1834
"C:/UEprojects/Warrior/Content/Assets/Sounds/Creatures/IceGiant/SC_Giant_Swing_2.uexp" 1835
"C:/UEprojects/Warrior/Content/EnemyCharacter/FrostGiantCaptain/Montages/AM_ExoGame_FrostGiant_Attck_Melee_Combo.uasset" 1836
"C:/UEprojects/Warrior/Content/EnemyCharacter/FrostGiantCaptain/Montages/AM_ExoGame_FrostGiant_Attck_Melee_Combo.uexp" 1837
"C:/UEprojects/Warrior/Content/EnemyCharacter/FrostGiantCaptain/GameplayAbility/GA_FrostGiant_MeleeAttack_Combo.uasset" 1838
"C:/UEprojects/Warrior/Content/EnemyCharacter/FrostGiantCaptain/GameplayAbility/GA_FrostGiant_MeleeAttack_Combo.uexp" 1839
"C:/UEprojects/Warrior/Content/Shared/GameplayAbility/GA_Enemy_SummonEnemies_Base.uasset" 1840
"C:/UEprojects/Warrior/Content/Shared/GameplayAbility/GA_Enemy_SummonEnemies_Base.uexp" 1841
"C:/UEprojects/Warrior/Content/Assets/Enemies/Enemy_Frost_Giant/Enemy_Frost_Giant_All_Animation/ExoGame_FrostGiant_Aggro.uasset" 1842
"C:/UEprojects/Warrior/Content/Assets/Enemies/Enemy_Frost_Giant/Enemy_Frost_Giant_All_Animation/ExoGame_FrostGiant_Aggro.uexp" 1843
"C:/UEprojects/Warrior/Content/Assets/Niagara/Shield/T_Spark_B.uasset" 1844
"C:/UEprojects/Warrior/Content/Assets/Niagara/Shield/T_Spark_B.uexp" 1845
"C:/UEprojects/Warrior/Content/Assets/Niagara/Shield/M_SingleTextureMaster_Additive.uasset" 1846
"C:/UEprojects/Warrior/Content/Assets/Niagara/Shield/M_SingleTextureMaster_Additive.uexp" 1847
"C:/UEprojects/Warrior/Content/Assets/Niagara/Shield/MI_ShieldParticles_Additive.uasset" 1848
"C:/UEprojects/Warrior/Content/Assets/Niagara/Shield/MI_ShieldParticles_Additive.uexp" 1849
"C:/UEprojects/Warrior/Content/Assets/Niagara/Summon/NS_GiantSummon.uasset" 1850
"C:/UEprojects/Warrior/Content/Assets/Niagara/Summon/NS_GiantSummon.uexp" 1851
"C:/UEprojects/Warrior/Content/Assets/Sounds/Abilities/SW_Ability_FireWavePowerup_02.ubulk" 1852
"C:/UEprojects/Warrior/Content/Assets/Sounds/Abilities/SW_Ability_FireWavePowerup_02.uasset" 1853
"C:/UEprojects/Warrior/Content/Assets/Sounds/Abilities/SW_Ability_FireWavePowerup_02.uexp" 1854
"C:/UEprojects/Warrior/Content/Assets/Sounds/Abilities/SW_Ability_FireWavePowerup_01.ubulk" 1855
"C:/UEprojects/Warrior/Content/Assets/Sounds/Abilities/SW_Ability_FireWavePowerup_01.uasset" 1856
"C:/UEprojects/Warrior/Content/Assets/Sounds/Abilities/SW_Ability_FireWavePowerup_01.uexp" 1857
"C:/UEprojects/Warrior/Content/Assets/Sounds/Abilities/SC_Ability_FireWavePowerup.uasset" 1858
"C:/UEprojects/Warrior/Content/Assets/Sounds/Abilities/SC_Ability_FireWavePowerup.uexp" 1859
"C:/UEprojects/Warrior/Content/EnemyCharacter/FrostGiantCaptain/Montages/AM_ExoGame_FrostGiant_Aggro.uasset" 1860
"C:/UEprojects/Warrior/Content/EnemyCharacter/FrostGiantCaptain/Montages/AM_ExoGame_FrostGiant_Aggro.uexp" 1861
"C:/UEprojects/Warrior/Content/EnemyCharacter/FrostGiantCaptain/GameplayAbility/GA_FrostGiant_SummonEnemies.uasset" 1862
"C:/UEprojects/Warrior/Content/EnemyCharacter/FrostGiantCaptain/GameplayAbility/GA_FrostGiant_SummonEnemies.uexp" 1863
"C:/UEprojects/Warrior/Content/Assets/Textures/UI/Fonts/Cinzel/Cinzel-Regular.uexp" 1864
"C:/UEprojects/Warrior/Content/Assets/Textures/UI/Fonts/Cinzel/Cinzel-Regular.uasset" 1865
"C:/UEprojects/Warrior/Content/Assets/Textures/UI/Fonts/Cinzel/Cinzel-Regular.ufont" 1866
"C:/UEprojects/Warrior/Content/Assets/Textures/UI/Fonts/Cinzel/Cinzel-Bold.uexp" 1867
"C:/UEprojects/Warrior/Content/Assets/Textures/UI/Fonts/Cinzel/Cinzel-Bold.uasset" 1868
"C:/UEprojects/Warrior/Content/Assets/Textures/UI/Fonts/Cinzel/Cinzel-Bold.ufont" 1869
"C:/UEprojects/Warrior/Content/Assets/Textures/UI/Fonts/Cinzel/Cinzel-Black.uexp" 1870
"C:/UEprojects/Warrior/Content/Assets/Textures/UI/Fonts/Cinzel/Cinzel-Black.uasset" 1871
"C:/UEprojects/Warrior/Content/Assets/Textures/UI/Fonts/Cinzel/Cinzel-Black.ufont" 1872
"C:/UEprojects/Warrior/Content/Assets/Textures/UI/Fonts/Cinzel/Cinzel.uasset" 1873
"C:/UEprojects/Warrior/Content/Assets/Textures/UI/Fonts/Cinzel/Cinzel.uexp" 1874
"C:/UEprojects/Warrior/Content/Widget/TemplateWidget/WarriorTextBlock.uasset" 1875
"C:/UEprojects/Warrior/Content/Widget/TemplateWidget/WarriorTextBlock.uexp" 1876
"C:/UEprojects/Warrior/Content/Widget/EnemyWidgets/WBP_DefaultBossHealthBar.uasset" 1877
"C:/UEprojects/Warrior/Content/Widget/EnemyWidgets/WBP_DefaultBossHealthBar.uexp" 1878
"C:/UEprojects/Warrior/Content/Shared/GameplayAbility/GA_Enemy_DrawBossBar_Base.uasset" 1879
"C:/UEprojects/Warrior/Content/Shared/GameplayAbility/GA_Enemy_DrawBossBar_Base.uexp" 1880
"C:/UEprojects/Warrior/Content/EnemyCharacter/FrostGiantCaptain/GameplayAbility/GA_FrostGiantDrawHealthBar.uasset" 1881
"C:/UEprojects/Warrior/Content/EnemyCharacter/FrostGiantCaptain/GameplayAbility/GA_FrostGiantDrawHealthBar.uexp" 1882
"C:/UEprojects/Warrior/Content/EnemyCharacter/FrostGiantCaptain/GameplayEffect/GE_FrostGiantStartUp.uasset" 1883
"C:/UEprojects/Warrior/Content/EnemyCharacter/FrostGiantCaptain/GameplayEffect/GE_FrostGiantStartUp.uexp" 1884
"C:/UEprojects/Warrior/Content/EnemyCharacter/FrostGiantCaptain/DA_FrostGiant.uasset" 1885
"C:/UEprojects/Warrior/Content/EnemyCharacter/FrostGiantCaptain/DA_FrostGiant.uexp" 1886
"C:/UEprojects/Warrior/Content/Assets/Sounds/Weapons/Hammer/SW_Hammer_Impact03.ubulk" 1887
"C:/UEprojects/Warrior/Content/Assets/Sounds/Weapons/Hammer/SW_Hammer_Impact03.uasset" 1888
"C:/UEprojects/Warrior/Content/Assets/Sounds/Weapons/Hammer/SW_Hammer_Impact03.uexp" 1889
"C:/UEprojects/Warrior/Content/Assets/Sounds/Weapons/Hammer/SW_Hammer_Impact02.ubulk" 1890
"C:/UEprojects/Warrior/Content/Assets/Sounds/Weapons/Hammer/SW_Hammer_Impact02.uasset" 1891
"C:/UEprojects/Warrior/Content/Assets/Sounds/Weapons/Hammer/SW_Hammer_Impact02.uexp" 1892
"C:/UEprojects/Warrior/Content/Assets/Sounds/Weapons/Hammer/SW_Hammer_Impact01.ubulk" 1893
"C:/UEprojects/Warrior/Content/Assets/Sounds/Weapons/Hammer/SW_Hammer_Impact01.uasset" 1894
"C:/UEprojects/Warrior/Content/Assets/Sounds/Weapons/Hammer/SW_Hammer_Impact01.uexp" 1895
"C:/UEprojects/Warrior/Content/Assets/Sounds/UI/A_UI_Box_Confirm.uasset" 1896
"C:/UEprojects/Warrior/Content/Assets/Sounds/UI/A_UI_Box_Confirm.uexp" 1897
"C:/UEprojects/Warrior/Content/Assets/Sounds/Character/SW_Character_Step01.ubulk" 1898
"C:/UEprojects/Warrior/Content/Assets/Sounds/Character/SW_Character_Step01.uasset" 1899
"C:/UEprojects/Warrior/Content/Assets/Sounds/Character/SW_Character_Step01.uexp" 1900
"C:/UEprojects/Warrior/Content/Assets/Sounds/Character/SW_Character_Step02.ubulk" 1901
"C:/UEprojects/Warrior/Content/Assets/Sounds/Character/SW_Character_Step02.uasset" 1902
"C:/UEprojects/Warrior/Content/Assets/Sounds/Character/SW_Character_Step02.uexp" 1903
"C:/UEprojects/Warrior/Content/Assets/Sounds/Character/SW_Character_Step03.ubulk" 1904
"C:/UEprojects/Warrior/Content/Assets/Sounds/Character/SW_Character_Step03.uasset" 1905
"C:/UEprojects/Warrior/Content/Assets/Sounds/Character/SW_Character_Step03.uexp" 1906
"C:/UEprojects/Warrior/Content/Assets/Sounds/Character/SW_Character_Step04.ubulk" 1907
"C:/UEprojects/Warrior/Content/Assets/Sounds/Character/SW_Character_Step04.uasset" 1908
"C:/UEprojects/Warrior/Content/Assets/Sounds/Character/SW_Character_Step04.uexp" 1909
"C:/UEprojects/Warrior/Content/Assets/Sounds/Character/SW_Character_Step05.ubulk" 1910
"C:/UEprojects/Warrior/Content/Assets/Sounds/Character/SW_Character_Step05.uasset" 1911
"C:/UEprojects/Warrior/Content/Assets/Sounds/Character/SW_Character_Step05.uexp" 1912
"C:/UEprojects/Warrior/Content/Assets/Sounds/UI/A_UI_Hover.uasset" 1913
"C:/UEprojects/Warrior/Content/Assets/Sounds/UI/A_UI_Hover.uexp" 1914
"C:/UEprojects/Warrior/Content/Widget/TemplateWidget/WarriorButton.uasset" 1915
"C:/UEprojects/Warrior/Content/Widget/TemplateWidget/WarriorButton.uexp" 1916
"C:/UEprojects/Warrior/Content/Assets/Textures/UI/Texture/T_UI_ButtonImage_02.uasset" 1917
"C:/UEprojects/Warrior/Content/Assets/Textures/UI/Texture/T_UI_ButtonImage_02.uexp" 1918
"C:/UEprojects/Warrior/Content/Widget/TemplateWidget/TPWBP_PauseScreenButton.uasset" 1919
"C:/UEprojects/Warrior/Content/Widget/TemplateWidget/TPWBP_PauseScreenButton.uexp" 1920
"C:/UEprojects/Warrior/Content/Assets/Sounds/UI/A_UI_WaveEnd.ubulk" 1921
"C:/UEprojects/Warrior/Content/Assets/Sounds/UI/A_UI_WaveEnd.uasset" 1922
"C:/UEprojects/Warrior/Content/Assets/Sounds/UI/A_UI_WaveEnd.uexp" 1923
"C:/UEprojects/Warrior/Content/Assets/Textures/UI/Texture/T_UI_Runes02.ubulk" 1924
"C:/UEprojects/Warrior/Content/Assets/Textures/UI/Texture/T_UI_Runes02.uasset" 1925
"C:/UEprojects/Warrior/Content/Assets/Textures/UI/Texture/T_UI_Runes02.uexp" 1926
"C:/UEprojects/Warrior/Content/Widget/GameModeWidgets/WBP_LoseScreen.uasset" 1927
"C:/UEprojects/Warrior/Content/Widget/GameModeWidgets/WBP_LoseScreen.uexp" 1928
"C:/UEprojects/Warrior/Content/Widget/GameModeWidgets/WBP_PauseScreen.uasset" 1929
"C:/UEprojects/Warrior/Content/Widget/GameModeWidgets/WBP_PauseScreen.uexp" 1930
"C:/UEprojects/Warrior/Content/Assets/Textures/UI/Texture/T_UI_Runes02_A.ubulk" 1931
"C:/UEprojects/Warrior/Content/Assets/Textures/UI/Texture/T_UI_Runes02_A.uasset" 1932
"C:/UEprojects/Warrior/Content/Assets/Textures/UI/Texture/T_UI_Runes02_A.uexp" 1933
"C:/UEprojects/Warrior/Content/Widget/GameModeWidgets/WBP_WinScreen.uasset" 1934
"C:/UEprojects/Warrior/Content/Widget/GameModeWidgets/WBP_WinScreen.uexp" 1935
"C:/UEprojects/Warrior/Content/Assets/HeroCharacter/Animations/Axe/Hero_Roll.uasset" 1936
"C:/UEprojects/Warrior/Content/Assets/HeroCharacter/Animations/Axe/Hero_Roll.uexp" 1937
"C:/UEprojects/Warrior/Content/Assets/Sounds/Character/SC_Character_Step.uasset" 1938
"C:/UEprojects/Warrior/Content/Assets/Sounds/Character/SC_Character_Step.uexp" 1939
"C:/UEprojects/Warrior/Content/PlayerCharacter/Montages/AM_Hero_Roll.uasset" 1940
"C:/UEprojects/Warrior/Content/PlayerCharacter/Montages/AM_Hero_Roll.uexp" 1941
"C:/UEprojects/Warrior/Content/PlayerCharacter/GameplayEffect/CT_HeroStats.uasset" 1942
"C:/UEprojects/Warrior/Content/PlayerCharacter/GameplayEffect/CT_HeroStats.uexp" 1943
"C:/UEprojects/Warrior/Content/PlayerCharacter/GameplayAbility/Combat_Abilities/GA_Hero_Roll.uasset" 1944
"C:/UEprojects/Warrior/Content/PlayerCharacter/GameplayAbility/Combat_Abilities/GA_Hero_Roll.uexp" 1945
"C:/UEprojects/Warrior/Content/Shared/AnimNotifyState/ANS_SlowMotion.uasset" 1946
"C:/UEprojects/Warrior/Content/Shared/AnimNotifyState/ANS_SlowMotion.uexp" 1947
"C:/UEprojects/Warrior/Content/Assets/Sounds/Character/SW_Character_Collapse01.ubulk" 1948
"C:/UEprojects/Warrior/Content/Assets/Sounds/Character/SW_Character_Collapse01.uasset" 1949
"C:/UEprojects/Warrior/Content/Assets/Sounds/Character/SW_Character_Collapse01.uexp" 1950
"C:/UEprojects/Warrior/Content/Assets/Sounds/Character/SC_Character_Collapse.uasset" 1951
"C:/UEprojects/Warrior/Content/Assets/Sounds/Character/SC_Character_Collapse.uexp" 1952
"C:/UEprojects/Warrior/Content/Assets/HeroCharacter/Animations/Axe/Hero_Sword_Death_1.uasset" 1953
"C:/UEprojects/Warrior/Content/Assets/HeroCharacter/Animations/Axe/Hero_Sword_Death_1.uexp" 1954
"C:/UEprojects/Warrior/Content/Assets/Sounds/Character/SW_Character_Expire03.ubulk" 1955
"C:/UEprojects/Warrior/Content/Assets/Sounds/Character/SW_Character_Expire03.uasset" 1956
"C:/UEprojects/Warrior/Content/Assets/Sounds/Character/SW_Character_Expire03.uexp" 1957
"C:/UEprojects/Warrior/Content/Assets/Sounds/Character/SW_Character_Expire02.ubulk" 1958
"C:/UEprojects/Warrior/Content/Assets/Sounds/Character/SW_Character_Expire02.uasset" 1959
"C:/UEprojects/Warrior/Content/Assets/Sounds/Character/SW_Character_Expire02.uexp" 1960
"C:/UEprojects/Warrior/Content/Assets/Sounds/Character/SW_Character_Expire01.ubulk" 1961
"C:/UEprojects/Warrior/Content/Assets/Sounds/Character/SW_Character_Expire01.uasset" 1962
"C:/UEprojects/Warrior/Content/Assets/Sounds/Character/SW_Character_Expire01.uexp" 1963
"C:/UEprojects/Warrior/Content/Assets/Sounds/Character/SC_Character_Expire.uasset" 1964
"C:/UEprojects/Warrior/Content/Assets/Sounds/Character/SC_Character_Expire.uexp" 1965
"C:/UEprojects/Warrior/Content/PlayerCharacter/Montages/Death/AM_Hero_Sword_Death_1.uasset" 1966
"C:/UEprojects/Warrior/Content/PlayerCharacter/Montages/Death/AM_Hero_Sword_Death_1.uexp" 1967
"C:/UEprojects/Warrior/Content/Assets/HeroCharacter/Animations/Axe/Hero_Death_Fallback.uasset" 1968
"C:/UEprojects/Warrior/Content/Assets/HeroCharacter/Animations/Axe/Hero_Death_Fallback.uexp" 1969
"C:/UEprojects/Warrior/Content/PlayerCharacter/Montages/Death/AM_Hero_Death_Fallback.uasset" 1970
"C:/UEprojects/Warrior/Content/PlayerCharacter/Montages/Death/AM_Hero_Death_Fallback.uexp" 1971
"C:/UEprojects/Warrior/Content/PlayerCharacter/GameplayAbility/Death/GA_Hero_Death.uasset" 1972
"C:/UEprojects/Warrior/Content/PlayerCharacter/GameplayAbility/Death/GA_Hero_Death.uexp" 1973
"C:/UEprojects/Warrior/Content/Assets/HeroCharacter/Animations/Axe/Hero_Axe_Equip.uasset" 1974
"C:/UEprojects/Warrior/Content/Assets/HeroCharacter/Animations/Axe/Hero_Axe_Equip.uexp" 1975
"C:/UEprojects/Warrior/Content/PlayerCharacter/Montages/Equip/AM_Hero_Equip_Axe.uasset" 1976
"C:/UEprojects/Warrior/Content/PlayerCharacter/Montages/Equip/AM_Hero_Equip_Axe.uexp" 1977
"C:/UEprojects/Warrior/Content/PlayerCharacter/GameplayAbility/Equiping/GA_Hero_EquipAxe.uasset" 1978
"C:/UEprojects/Warrior/Content/PlayerCharacter/GameplayAbility/Equiping/GA_Hero_EquipAxe.uexp" 1979
"C:/UEprojects/Warrior/Content/Assets/Sounds/Character/SW_Character_Hit03.ubulk" 1980
"C:/UEprojects/Warrior/Content/Assets/Sounds/Character/SW_Character_Hit03.uasset" 1981
"C:/UEprojects/Warrior/Content/Assets/Sounds/Character/SW_Character_Hit03.uexp" 1982
"C:/UEprojects/Warrior/Content/Assets/Sounds/Character/SW_Character_Hit02.ubulk" 1983
"C:/UEprojects/Warrior/Content/Assets/Sounds/Character/SW_Character_Hit02.uasset" 1984
"C:/UEprojects/Warrior/Content/Assets/Sounds/Character/SW_Character_Hit02.uexp" 1985
"C:/UEprojects/Warrior/Content/Assets/Sounds/Character/SW_Character_Hit01.ubulk" 1986
"C:/UEprojects/Warrior/Content/Assets/Sounds/Character/SW_Character_Hit01.uasset" 1987
"C:/UEprojects/Warrior/Content/Assets/Sounds/Character/SW_Character_Hit01.uexp" 1988
"C:/UEprojects/Warrior/Content/Assets/Sounds/Character/SC_Character_Hit.uasset" 1989
"C:/UEprojects/Warrior/Content/Assets/Sounds/Character/SC_Character_Hit.uexp" 1990
"C:/UEprojects/Warrior/Content/Assets/HeroCharacter/Animations/Axe/Hero_HitReact_Back.uasset" 1991
"C:/UEprojects/Warrior/Content/Assets/HeroCharacter/Animations/Axe/Hero_HitReact_Back.uexp" 1992
"C:/UEprojects/Warrior/Content/PlayerCharacter/Montages/HitReact/AM_Hero_HitReact_Back.uasset" 1993
"C:/UEprojects/Warrior/Content/PlayerCharacter/Montages/HitReact/AM_Hero_HitReact_Back.uexp" 1994
"C:/UEprojects/Warrior/Content/Assets/HeroCharacter/Animations/Axe/Hero_HitReact_Front.uasset" 1995
"C:/UEprojects/Warrior/Content/Assets/HeroCharacter/Animations/Axe/Hero_HitReact_Front.uexp" 1996
"C:/UEprojects/Warrior/Content/PlayerCharacter/Montages/HitReact/AM_Hero_HitReact_Front.uasset" 1997
"C:/UEprojects/Warrior/Content/PlayerCharacter/Montages/HitReact/AM_Hero_HitReact_Front.uexp" 1998
"C:/UEprojects/Warrior/Content/Assets/HeroCharacter/Animations/Axe/Hero_HitReact_Left.uasset" 1999
"C:/UEprojects/Warrior/Content/Assets/HeroCharacter/Animations/Axe/Hero_HitReact_Left.uexp" 2000
"C:/UEprojects/Warrior/Content/PlayerCharacter/Montages/HitReact/AM_Hero_HitReact_Left.uasset" 2001
"C:/UEprojects/Warrior/Content/PlayerCharacter/Montages/HitReact/AM_Hero_HitReact_Left.uexp" 2002
"C:/UEprojects/Warrior/Content/Assets/HeroCharacter/Animations/Axe/Hero_HitReact_Right.uasset" 2003
"C:/UEprojects/Warrior/Content/Assets/HeroCharacter/Animations/Axe/Hero_HitReact_Right.uexp" 2004
"C:/UEprojects/Warrior/Content/PlayerCharacter/Montages/HitReact/AM_Hero_HitReact_Right.uasset" 2005
"C:/UEprojects/Warrior/Content/PlayerCharacter/Montages/HitReact/AM_Hero_HitReact_Right.uexp" 2006
"C:/UEprojects/Warrior/Content/PlayerCharacter/GameplayAbility/GA_Hero_HitReact.uasset" 2007
"C:/UEprojects/Warrior/Content/PlayerCharacter/GameplayAbility/GA_Hero_HitReact.uexp" 2008
"C:/UEprojects/Warrior/Content/PlayerCharacter/GameplayAbility/GA_Hero_PickUp_Stones.uasset" 2009
"C:/UEprojects/Warrior/Content/PlayerCharacter/GameplayAbility/GA_Hero_PickUp_Stones.uexp" 2010
"C:/UEprojects/Warrior/Content/PlayerCharacter/Input/Actions/IA_SpecialWeaponAbility_Trigger.uasset" 2011
"C:/UEprojects/Warrior/Content/PlayerCharacter/Input/Actions/IA_SpecialWeaponAbility_Trigger.uexp" 2012
"C:/UEprojects/Warrior/Content/PlayerCharacter/Input/IMC_Axe.uasset" 2013
"C:/UEprojects/Warrior/Content/PlayerCharacter/Input/IMC_Axe.uexp" 2014
"C:/UEprojects/Warrior/Content/PlayerCharacter/HeroWeapon/CT_HeroWeaponStats.uasset" 2015
"C:/UEprojects/Warrior/Content/PlayerCharacter/HeroWeapon/CT_HeroWeaponStats.uexp" 2016
"C:/UEprojects/Warrior/Content/PlayerCharacter/HeroWeapon/BP_HeroWeaponBase.uasset" 2017
"C:/UEprojects/Warrior/Content/PlayerCharacter/HeroWeapon/BP_HeroWeaponBase.uexp" 2018
"C:/UEprojects/Warrior/Content/Assets/Weapons/Axe/T_Blade_Hatchet022_N.uasset" 2019
"C:/UEprojects/Warrior/Content/Assets/Weapons/Axe/T_Blade_Hatchet022_N.uexp" 2020
"C:/UEprojects/Warrior/Content/Assets/Weapons/Axe/T_Blade_Hatchet022_M.ubulk" 2021
"C:/UEprojects/Warrior/Content/Assets/Weapons/Axe/T_Blade_Hatchet022_M.uasset" 2022
"C:/UEprojects/Warrior/Content/Assets/Weapons/Axe/T_Blade_Hatchet022_M.uexp" 2023
"C:/UEprojects/Warrior/Content/Assets/Weapons/Axe/T_Blade_Hatchet022_D.uasset" 2024
"C:/UEprojects/Warrior/Content/Assets/Weapons/Axe/T_Blade_Hatchet022_D.uexp" 2025
"C:/UEprojects/Warrior/Content/Assets/Weapons/Axe/T_Blade_Hatchet021_N.uasset" 2026
"C:/UEprojects/Warrior/Content/Assets/Weapons/Axe/T_Blade_Hatchet021_N.uexp" 2027
"C:/UEprojects/Warrior/Content/Assets/Weapons/Axe/T_Blade_Hatchet021_M.ubulk" 2028
"C:/UEprojects/Warrior/Content/Assets/Weapons/Axe/T_Blade_Hatchet021_M.uasset" 2029
"C:/UEprojects/Warrior/Content/Assets/Weapons/Axe/T_Blade_Hatchet021_M.uexp" 2030
"C:/UEprojects/Warrior/Content/Assets/Weapons/Axe/T_Blade_Hatchet021_D.uasset" 2031
"C:/UEprojects/Warrior/Content/Assets/Weapons/Axe/T_Blade_Hatchet021_D.uexp" 2032
"C:/UEprojects/Warrior/Content/Assets/Weapons/Axe/M_Blade_Hatchet02.uasset" 2033
"C:/UEprojects/Warrior/Content/Assets/Weapons/Axe/M_Blade_Hatchet02.uexp" 2034
"C:/UEprojects/Warrior/Content/Assets/Weapons/Axe/SM_DefaultAxe.ubulk" 2035
"C:/UEprojects/Warrior/Content/Assets/Weapons/Axe/SM_DefaultAxe.uasset" 2036
"C:/UEprojects/Warrior/Content/Assets/Weapons/Axe/SM_DefaultAxe.uexp" 2037
"C:/UEprojects/Warrior/Content/PlayerCharacter/AnimBP/MasterAnimLayer_Hero.uasset" 2038
"C:/UEprojects/Warrior/Content/PlayerCharacter/AnimBP/MasterAnimLayer_Hero.uexp" 2039
"C:/UEprojects/Warrior/Content/Assets/HeroCharacter/Animations/Axe/Hero_Idle_Axe.uasset" 2040
"C:/UEprojects/Warrior/Content/Assets/HeroCharacter/Animations/Axe/Hero_Idle_Axe.uexp" 2041
"C:/UEprojects/Warrior/Content/Assets/HeroCharacter/Animations/Axe/Hero_Axe_Walk_Bwd.uasset" 2042
"C:/UEprojects/Warrior/Content/Assets/HeroCharacter/Animations/Axe/Hero_Axe_Walk_Bwd.uexp" 2043
"C:/UEprojects/Warrior/Content/Assets/HeroCharacter/Animations/Axe/Hero_Axe_Walk_BwdRight.uasset" 2044
"C:/UEprojects/Warrior/Content/Assets/HeroCharacter/Animations/Axe/Hero_Axe_Walk_BwdRight.uexp" 2045
"C:/UEprojects/Warrior/Content/Assets/HeroCharacter/Animations/Axe/Hero_Axe_Walk_Fwd.uasset" 2046
"C:/UEprojects/Warrior/Content/Assets/HeroCharacter/Animations/Axe/Hero_Axe_Walk_Fwd.uexp" 2047
"C:/UEprojects/Warrior/Content/Assets/HeroCharacter/Animations/Axe/Hero_Axe_Walk_FwdLeft.uasset" 2048
"C:/UEprojects/Warrior/Content/Assets/HeroCharacter/Animations/Axe/Hero_Axe_Walk_FwdLeft.uexp" 2049
"C:/UEprojects/Warrior/Content/Assets/HeroCharacter/Animations/Axe/Hero_Axe_Walk_Left.uasset" 2050
"C:/UEprojects/Warrior/Content/Assets/HeroCharacter/Animations/Axe/Hero_Axe_Walk_Left.uexp" 2051
"C:/UEprojects/Warrior/Content/Assets/HeroCharacter/Animations/Axe/Hero_Axe_Walk_Right.uasset" 2052
"C:/UEprojects/Warrior/Content/Assets/HeroCharacter/Animations/Axe/Hero_Axe_Walk_Right.uexp" 2053
"C:/UEprojects/Warrior/Content/PlayerCharacter/AnimBP/BlendSpace/BS_DirectionalLocomotion_Axe.uasset" 2054
"C:/UEprojects/Warrior/Content/PlayerCharacter/AnimBP/BlendSpace/BS_DirectionalLocomotion_Axe.uexp" 2055
"C:/UEprojects/Warrior/Content/Assets/HeroCharacter/Animations/Axe/Hero_Axe_JogFwd_Loop.uasset" 2056
"C:/UEprojects/Warrior/Content/Assets/HeroCharacter/Animations/Axe/Hero_Axe_JogFwd_Loop.uexp" 2057
"C:/UEprojects/Warrior/Content/PlayerCharacter/AnimBP/BlendSpace/BS_DefaultLocomotion_Axe.uasset" 2058
"C:/UEprojects/Warrior/Content/PlayerCharacter/AnimBP/BlendSpace/BS_DefaultLocomotion_Axe.uexp" 2059
"C:/UEprojects/Warrior/Content/PlayerCharacter/AnimBP/AnimLayer/AnimLayer_HeroAex.uasset" 2060
"C:/UEprojects/Warrior/Content/PlayerCharacter/AnimBP/AnimLayer/AnimLayer_HeroAex.uexp" 2061
"C:/UEprojects/Warrior/Content/Assets/HeroCharacter/Animations/Axe/Hero_StandingBlock_Idle.uasset" 2062
"C:/UEprojects/Warrior/Content/Assets/HeroCharacter/Animations/Axe/Hero_StandingBlock_Idle.uexp" 2063
"C:/UEprojects/Warrior/Content/PlayerCharacter/Montages/AM_Hero_StandingBlock_Idle.uasset" 2064
"C:/UEprojects/Warrior/Content/PlayerCharacter/Montages/AM_Hero_StandingBlock_Idle.uexp" 2065
"C:/UEprojects/Warrior/Content/PlayerCharacter/GameplayAbility/Combat_Abilities/GA_Hero_Block.uasset" 2066
"C:/UEprojects/Warrior/Content/PlayerCharacter/GameplayAbility/Combat_Abilities/GA_Hero_Block.uexp" 2067
"C:/UEprojects/Warrior/Content/Assets/HeroCharacter/Animations/Axe/Hero_Axe_Unequip.uasset" 2068
"C:/UEprojects/Warrior/Content/Assets/HeroCharacter/Animations/Axe/Hero_Axe_Unequip.uexp" 2069
"C:/UEprojects/Warrior/Content/PlayerCharacter/Montages/Equip/AM_Hero_Unequip_Axe.uasset" 2070
"C:/UEprojects/Warrior/Content/PlayerCharacter/Montages/Equip/AM_Hero_Unequip_Axe.uexp" 2071
"C:/UEprojects/Warrior/Content/PlayerCharacter/GameplayAbility/Equiping/GA_Hero_UnequipAxe.uasset" 2072
"C:/UEprojects/Warrior/Content/PlayerCharacter/GameplayAbility/Equiping/GA_Hero_UnequipAxe.uexp" 2073
"C:/UEprojects/Warrior/Content/Assets/Niagara/Rage/T_ShieldLightrays.ubulk" 2074
"C:/UEprojects/Warrior/Content/Assets/Niagara/Rage/T_ShieldLightrays.uasset" 2075
"C:/UEprojects/Warrior/Content/Assets/Niagara/Rage/T_ShieldLightrays.uexp" 2076
"C:/UEprojects/Warrior/Content/Assets/Niagara/Rage/T_MarbleNoise_1.ubulk" 2077
"C:/UEprojects/Warrior/Content/Assets/Niagara/Rage/T_MarbleNoise_1.uasset" 2078
"C:/UEprojects/Warrior/Content/Assets/Niagara/Rage/T_MarbleNoise_1.uexp" 2079
"C:/UEprojects/Warrior/Content/Assets/Niagara/RageSlash/M_SlashMaster_Trans.uasset" 2080
"C:/UEprojects/Warrior/Content/Assets/Niagara/RageSlash/M_SlashMaster_Trans.uexp" 2081
"C:/UEprojects/Warrior/Content/Assets/Niagara/RageSlash/M_SlashMaster_Additive.uasset" 2082
"C:/UEprojects/Warrior/Content/Assets/Niagara/RageSlash/M_SlashMaster_Additive.uexp" 2083
"C:/UEprojects/Warrior/Content/Assets/Niagara/RageSlash/AxeSlash.ubulk" 2084
"C:/UEprojects/Warrior/Content/Assets/Niagara/RageSlash/AxeSlash.uasset" 2085
"C:/UEprojects/Warrior/Content/Assets/Niagara/RageSlash/AxeSlash.uexp" 2086
"C:/UEprojects/Warrior/Content/Assets/Niagara/MasterMaterial/M_SingleTextureMaster_Trans.uasset" 2087
"C:/UEprojects/Warrior/Content/Assets/Niagara/MasterMaterial/M_SingleTextureMaster_Trans.uexp" 2088
"C:/UEprojects/Warrior/Content/Assets/Niagara/Rage/T_Spark_B.uasset" 2089
"C:/UEprojects/Warrior/Content/Assets/Niagara/Rage/T_Spark_B.uexp" 2090
"C:/UEprojects/Warrior/Content/Assets/Niagara/Rage/MI_SKEmber_Trans.uasset" 2091
"C:/UEprojects/Warrior/Content/Assets/Niagara/Rage/MI_SKEmber_Trans.uexp" 2092
"C:/UEprojects/Warrior/Content/Assets/Niagara/Rage/MI_SKEmber_Additive.uasset" 2093
"C:/UEprojects/Warrior/Content/Assets/Niagara/Rage/MI_SKEmber_Additive.uexp" 2094
"C:/UEprojects/Warrior/Content/Assets/Niagara/Rage/T_Fire_subUV_6X6.ubulk" 2095
"C:/UEprojects/Warrior/Content/Assets/Niagara/Rage/T_Fire_subUV_6X6.uasset" 2096
"C:/UEprojects/Warrior/Content/Assets/Niagara/Rage/T_Fire_subUV_6X6.uexp" 2097
"../../../Engine/Content/Functions/Engine_MaterialFunctions02/ExampleContent/Textures/flipbook.ubulk" 2098
"../../../Engine/Content/Functions/Engine_MaterialFunctions02/ExampleContent/Textures/flipbook.uasset" 2099
"../../../Engine/Content/Functions/Engine_MaterialFunctions02/ExampleContent/Textures/flipbook.uexp" 2100
"C:/UEprojects/Warrior/Content/Assets/Niagara/Rage/M_SubUVMaster_Additive.uasset" 2101
"C:/UEprojects/Warrior/Content/Assets/Niagara/Rage/M_SubUVMaster_Additive.uexp" 2102
"C:/UEprojects/Warrior/Content/Assets/Niagara/Rage/MI_RageActivateFire_Additive.uasset" 2103
"C:/UEprojects/Warrior/Content/Assets/Niagara/Rage/MI_RageActivateFire_Additive.uexp" 2104
"C:/UEprojects/Warrior/Content/Assets/Niagara/RageSlash/NS_RageSlash.uasset" 2105
"C:/UEprojects/Warrior/Content/Assets/Niagara/RageSlash/NS_RageSlash.uexp" 2106
"C:/UEprojects/Warrior/Content/Assets/Sounds/Abilities/SW_Ability_FireWaveCast01.ubulk" 2107
"C:/UEprojects/Warrior/Content/Assets/Sounds/Abilities/SW_Ability_FireWaveCast01.uasset" 2108
"C:/UEprojects/Warrior/Content/Assets/Sounds/Abilities/SW_Ability_FireWaveCast01.uexp" 2109
"C:/UEprojects/Warrior/Content/Assets/Sounds/Abilities/SC_Ability_FireWaveCast.uasset" 2110
"C:/UEprojects/Warrior/Content/Assets/Sounds/Abilities/SC_Ability_FireWaveCast.uexp" 2111
"C:/UEprojects/Warrior/Content/PlayerCharacter/BP_Projectile_HeroSlash.uasset" 2112
"C:/UEprojects/Warrior/Content/PlayerCharacter/BP_Projectile_HeroSlash.uexp" 2113
"C:/UEprojects/Warrior/Content/Assets/Sounds/Character/SW_Character_Grunt01.ubulk" 2114
"C:/UEprojects/Warrior/Content/Assets/Sounds/Character/SW_Character_Grunt01.uasset" 2115
"C:/UEprojects/Warrior/Content/Assets/Sounds/Character/SW_Character_Grunt01.uexp" 2116
"C:/UEprojects/Warrior/Content/Assets/Sounds/Character/SW_Character_Effort04.ubulk" 2117
"C:/UEprojects/Warrior/Content/Assets/Sounds/Character/SW_Character_Effort04.uasset" 2118
"C:/UEprojects/Warrior/Content/Assets/Sounds/Character/SW_Character_Effort04.uexp" 2119
"C:/UEprojects/Warrior/Content/Assets/Sounds/Character/SW_Character_Effort03.ubulk" 2120
"C:/UEprojects/Warrior/Content/Assets/Sounds/Character/SW_Character_Effort03.uasset" 2121
"C:/UEprojects/Warrior/Content/Assets/Sounds/Character/SW_Character_Effort03.uexp" 2122
"C:/UEprojects/Warrior/Content/Assets/Sounds/Character/SW_Character_Effort01.ubulk" 2123
"C:/UEprojects/Warrior/Content/Assets/Sounds/Character/SW_Character_Effort01.uasset" 2124
"C:/UEprojects/Warrior/Content/Assets/Sounds/Character/SW_Character_Effort01.uexp" 2125
"C:/UEprojects/Warrior/Content/Assets/Sounds/Character/SC_Character_Effort.uasset" 2126
"C:/UEprojects/Warrior/Content/Assets/Sounds/Character/SC_Character_Effort.uexp" 2127
"C:/UEprojects/Warrior/Content/Assets/HeroCharacter/Animations/Axe/Hero_Axe_HeavyAttack_1.uasset" 2128
"C:/UEprojects/Warrior/Content/Assets/HeroCharacter/Animations/Axe/Hero_Axe_HeavyAttack_1.uexp" 2129
"C:/UEprojects/Warrior/Content/PlayerCharacter/Montages/HeavyAttack_Axe/AM_Hero_Axe_HeavyAttack_1.uasset" 2130
"C:/UEprojects/Warrior/Content/PlayerCharacter/Montages/HeavyAttack_Axe/AM_Hero_Axe_HeavyAttack_1.uexp" 2131
"C:/UEprojects/Warrior/Content/Assets/Sounds/Character/SW_Character_Yell02.ubulk" 2132
"C:/UEprojects/Warrior/Content/Assets/Sounds/Character/SW_Character_Yell02.uasset" 2133
"C:/UEprojects/Warrior/Content/Assets/Sounds/Character/SW_Character_Yell02.uexp" 2134
"C:/UEprojects/Warrior/Content/Assets/Sounds/Character/SW_Character_Yell01.ubulk" 2135
"C:/UEprojects/Warrior/Content/Assets/Sounds/Character/SW_Character_Yell01.uasset" 2136
"C:/UEprojects/Warrior/Content/Assets/Sounds/Character/SW_Character_Yell01.uexp" 2137
"C:/UEprojects/Warrior/Content/Assets/Sounds/Character/SC_Character_Yell.uasset" 2138
"C:/UEprojects/Warrior/Content/Assets/Sounds/Character/SC_Character_Yell.uexp" 2139
"C:/UEprojects/Warrior/Content/Assets/HeroCharacter/Animations/Axe/Hero_Axe_HeavyAttack_2.uasset" 2140
"C:/UEprojects/Warrior/Content/Assets/HeroCharacter/Animations/Axe/Hero_Axe_HeavyAttack_2.uexp" 2141
"C:/UEprojects/Warrior/Content/PlayerCharacter/Montages/HeavyAttack_Axe/AM_Hero_Axe_HeavyAttack_2.uasset" 2142
"C:/UEprojects/Warrior/Content/PlayerCharacter/Montages/HeavyAttack_Axe/AM_Hero_Axe_HeavyAttack_2.uexp" 2143
"C:/UEprojects/Warrior/Content/PlayerCharacter/GameplayEffect/GE_Hero_GainRage_LightAttack.uasset" 2144
"C:/UEprojects/Warrior/Content/PlayerCharacter/GameplayEffect/GE_Hero_GainRage_LightAttack.uexp" 2145
"C:/UEprojects/Warrior/Content/PlayerCharacter/GameplayEffect/GE_Hero_GainRage_HeavyAttack.uasset" 2146
"C:/UEprojects/Warrior/Content/PlayerCharacter/GameplayEffect/GE_Hero_GainRage_HeavyAttack.uexp" 2147
"C:/UEprojects/Warrior/Content/PlayerCharacter/GameplayAbility/HeavyAttack/GA_Hero_HeavyAttackMaster.uasset" 2148
"C:/UEprojects/Warrior/Content/PlayerCharacter/GameplayAbility/HeavyAttack/GA_Hero_HeavyAttackMaster.uexp" 2149
"C:/UEprojects/Warrior/Content/PlayerCharacter/GameplayAbility/HeavyAttack/GA_Hero_Heavy_Attack_Axe.uasset" 2150
"C:/UEprojects/Warrior/Content/PlayerCharacter/GameplayAbility/HeavyAttack/GA_Hero_Heavy_Attack_Axe.uexp" 2151
"C:/UEprojects/Warrior/Content/Assets/HeroCharacter/Animations/Axe/Hero_Axe_LightAttack_1.uasset" 2152
"C:/UEprojects/Warrior/Content/Assets/HeroCharacter/Animations/Axe/Hero_Axe_LightAttack_1.uexp" 2153
"C:/UEprojects/Warrior/Content/Assets/Sounds/Character/SW_Character_Grunt03.ubulk" 2154
"C:/UEprojects/Warrior/Content/Assets/Sounds/Character/SW_Character_Grunt03.uasset" 2155
"C:/UEprojects/Warrior/Content/Assets/Sounds/Character/SW_Character_Grunt03.uexp" 2156
"C:/UEprojects/Warrior/Content/Assets/Sounds/Character/SW_Character_Grunt02.ubulk" 2157
"C:/UEprojects/Warrior/Content/Assets/Sounds/Character/SW_Character_Grunt02.uasset" 2158
"C:/UEprojects/Warrior/Content/Assets/Sounds/Character/SW_Character_Grunt02.uexp" 2159
"C:/UEprojects/Warrior/Content/Assets/Sounds/Character/SC_Character_Grunt.uasset" 2160
"C:/UEprojects/Warrior/Content/Assets/Sounds/Character/SC_Character_Grunt.uexp" 2161
"C:/UEprojects/Warrior/Content/PlayerCharacter/Montages/LightAttack_Axe/AM_Hero_Axe_LightAttack_1.uasset" 2162
"C:/UEprojects/Warrior/Content/PlayerCharacter/Montages/LightAttack_Axe/AM_Hero_Axe_LightAttack_1.uexp" 2163
"C:/UEprojects/Warrior/Content/Assets/HeroCharacter/Animations/Axe/Hero_Axe_LightAttack_2.uasset" 2164
"C:/UEprojects/Warrior/Content/Assets/HeroCharacter/Animations/Axe/Hero_Axe_LightAttack_2.uexp" 2165
"C:/UEprojects/Warrior/Content/PlayerCharacter/Montages/LightAttack_Axe/AM_Hero_Axe_LightAttack_2.uasset" 2166
"C:/UEprojects/Warrior/Content/PlayerCharacter/Montages/LightAttack_Axe/AM_Hero_Axe_LightAttack_2.uexp" 2167
"C:/UEprojects/Warrior/Content/Assets/HeroCharacter/Animations/Axe/Hero_Axe_LightAttack_3.uasset" 2168
"C:/UEprojects/Warrior/Content/Assets/HeroCharacter/Animations/Axe/Hero_Axe_LightAttack_3.uexp" 2169
"C:/UEprojects/Warrior/Content/PlayerCharacter/Montages/LightAttack_Axe/AM_Hero_Axe_LightAttack_3.uasset" 2170
"C:/UEprojects/Warrior/Content/PlayerCharacter/Montages/LightAttack_Axe/AM_Hero_Axe_LightAttack_3.uexp" 2171
"C:/UEprojects/Warrior/Content/Assets/HeroCharacter/Animations/Axe/Hero_Axe_LightAttack_4.uasset" 2172
"C:/UEprojects/Warrior/Content/Assets/HeroCharacter/Animations/Axe/Hero_Axe_LightAttack_4.uexp" 2173
"C:/UEprojects/Warrior/Content/PlayerCharacter/Montages/LightAttack_Axe/AM_Hero_Axe_LightAttack_4.uasset" 2174
"C:/UEprojects/Warrior/Content/PlayerCharacter/Montages/LightAttack_Axe/AM_Hero_Axe_LightAttack_4.uexp" 2175
"C:/UEprojects/Warrior/Content/PlayerCharacter/GameplayAbility/LightAttack/GA_Hero_LightAttackMaster.uasset" 2176
"C:/UEprojects/Warrior/Content/PlayerCharacter/GameplayAbility/LightAttack/GA_Hero_LightAttackMaster.uexp" 2177
"C:/UEprojects/Warrior/Content/PlayerCharacter/GameplayAbility/LightAttack/GA_Hero_Light_Attack_Axe.uasset" 2178
"C:/UEprojects/Warrior/Content/PlayerCharacter/GameplayAbility/LightAttack/GA_Hero_Light_Attack_Axe.uexp" 2179
"C:/UEprojects/Warrior/Content/Assets/HeroCharacter/Animations/Axe/Hero_Axe_Shout_Adjusted.uasset" 2180
"C:/UEprojects/Warrior/Content/Assets/HeroCharacter/Animations/Axe/Hero_Axe_Shout_Adjusted.uexp" 2181
"C:/UEprojects/Warrior/Content/PlayerCharacter/Montages/AM_Hero_Axe_RageActivate.uasset" 2182
"C:/UEprojects/Warrior/Content/PlayerCharacter/Montages/AM_Hero_Axe_RageActivate.uexp" 2183
"C:/UEprojects/Warrior/Content/PlayerCharacter/GameplayEffect/GE_Hero_Cost_Rage.uasset" 2184
"C:/UEprojects/Warrior/Content/PlayerCharacter/GameplayEffect/GE_Hero_Cost_Rage.uexp" 2185
"C:/UEprojects/Warrior/Content/PlayerCharacter/GameplayAbility/Rage/GA_Hero_Rage.uasset" 2186
"C:/UEprojects/Warrior/Content/PlayerCharacter/GameplayAbility/Rage/GA_Hero_Rage.uexp" 2187
"C:/UEprojects/Warrior/Content/PlayerCharacter/GameplayEffect/GE_Hero_Cooldown_AxeAbility_Heavy.uasset" 2188
"C:/UEprojects/Warrior/Content/PlayerCharacter/GameplayEffect/GE_Hero_Cooldown_AxeAbility_Heavy.uexp" 2189
"C:/UEprojects/Warrior/Content/Assets/Niagara/Trails/NS_Hero_Trail.uasset" 2190
"C:/UEprojects/Warrior/Content/Assets/Niagara/Trails/NS_Hero_Trail.uexp" 2191
"C:/UEprojects/Warrior/Content/Assets/HeroCharacter/Animations/Axe/Hero_Axe_JumpAttack.uasset" 2192
"C:/UEprojects/Warrior/Content/Assets/HeroCharacter/Animations/Axe/Hero_Axe_JumpAttack.uexp" 2193
"C:/UEprojects/Warrior/Content/Assets/Niagara/AxeHeavyAOE/T_RingLarger.ubulk" 2194
"C:/UEprojects/Warrior/Content/Assets/Niagara/AxeHeavyAOE/T_RingLarger.uasset" 2195
"C:/UEprojects/Warrior/Content/Assets/Niagara/AxeHeavyAOE/T_RingLarger.uexp" 2196
"C:/UEprojects/Warrior/Content/Assets/Niagara/AxeHeavyAOE/MI_AOEShockWave.uasset" 2197
"C:/UEprojects/Warrior/Content/Assets/Niagara/AxeHeavyAOE/MI_AOEShockWave.uexp" 2198
"C:/UEprojects/Warrior/Content/Assets/Niagara/Projectiles/Impact/T_Fire_subUV_6X6.ubulk" 2199
"C:/UEprojects/Warrior/Content/Assets/Niagara/Projectiles/Impact/T_Fire_subUV_6X6.uasset" 2200
"C:/UEprojects/Warrior/Content/Assets/Niagara/Projectiles/Impact/T_Fire_subUV_6X6.uexp" 2201
"C:/UEprojects/Warrior/Content/Assets/Niagara/AxeHeavyAOE/MI_AOEGroundFire.uasset" 2202
"C:/UEprojects/Warrior/Content/Assets/Niagara/AxeHeavyAOE/MI_AOEGroundFire.uexp" 2203
"C:/UEprojects/Warrior/Content/Assets/Niagara/AxeHeavyAOE/T_SmokeBall_01_8_8.ubulk" 2204
"C:/UEprojects/Warrior/Content/Assets/Niagara/AxeHeavyAOE/T_SmokeBall_01_8_8.uasset" 2205
"C:/UEprojects/Warrior/Content/Assets/Niagara/AxeHeavyAOE/T_SmokeBall_01_8_8.uexp" 2206
"C:/UEprojects/Warrior/Content/Assets/Niagara/AxeHeavyAOE/MI_AOEBurstSmoke.uasset" 2207
"C:/UEprojects/Warrior/Content/Assets/Niagara/AxeHeavyAOE/MI_AOEBurstSmoke.uexp" 2208
"C:/UEprojects/Warrior/Content/Assets/Niagara/AxeHeavyAOE/NS_AxeHeavyAOE.uasset" 2209
"C:/UEprojects/Warrior/Content/Assets/Niagara/AxeHeavyAOE/NS_AxeHeavyAOE.uexp" 2210
"C:/UEprojects/Warrior/Content/PlayerCharacter/Montages/SpecialAbility/AM_Hero_Axe_Ability_Heavy.uasset" 2211
"C:/UEprojects/Warrior/Content/PlayerCharacter/Montages/SpecialAbility/AM_Hero_Axe_Ability_Heavy.uexp" 2212
"C:/UEprojects/Warrior/Content/PlayerCharacter/GameplayAbility/SpecialWeaponAbility/GA_Hero_WeaponAbilityHeavy_Axe.uasset" 2213
"C:/UEprojects/Warrior/Content/PlayerCharacter/GameplayAbility/SpecialWeaponAbility/GA_Hero_WeaponAbilityHeavy_Axe.uexp" 2214
"C:/UEprojects/Warrior/Content/PlayerCharacter/GameplayEffect/GE_Hero_Cooldown_AxeAbility_Light.uasset" 2215
"C:/UEprojects/Warrior/Content/PlayerCharacter/GameplayEffect/GE_Hero_Cooldown_AxeAbility_Light.uexp" 2216
"C:/UEprojects/Warrior/Content/Assets/HeroCharacter/Animations/Axe/Hero_Axe_Ability_Light.uasset" 2217
"C:/UEprojects/Warrior/Content/Assets/HeroCharacter/Animations/Axe/Hero_Axe_Ability_Light.uexp" 2218
"C:/UEprojects/Warrior/Content/PlayerCharacter/Montages/SpecialAbility/AM_Hero_Axe_Ability_Light.uasset" 2219
"C:/UEprojects/Warrior/Content/PlayerCharacter/Montages/SpecialAbility/AM_Hero_Axe_Ability_Light.uexp" 2220
"C:/UEprojects/Warrior/Content/PlayerCharacter/GameplayAbility/SpecialWeaponAbility/GA_Hero_WeaponAbilityLight_Axe.uasset" 2221
"C:/UEprojects/Warrior/Content/PlayerCharacter/GameplayAbility/SpecialWeaponAbility/GA_Hero_WeaponAbilityLight_Axe.uexp" 2222
"C:/UEprojects/Warrior/Content/Assets/Textures/UI/Texture/T_UI_TargetIcon_01.uasset" 2223
"C:/UEprojects/Warrior/Content/Assets/Textures/UI/Texture/T_UI_TargetIcon_01.uexp" 2224
"C:/UEprojects/Warrior/Content/Widget/HeroWidgets/WBP_TargetLockIndicator.uasset" 2225
"C:/UEprojects/Warrior/Content/Widget/HeroWidgets/WBP_TargetLockIndicator.uexp" 2226
"C:/UEprojects/Warrior/Content/PlayerCharacter/GameplayAbility/TargetLock/GA_Hero_TargetLock.uasset" 2227
"C:/UEprojects/Warrior/Content/PlayerCharacter/GameplayAbility/TargetLock/GA_Hero_TargetLock.uexp" 2228
"C:/UEprojects/Warrior/Content/PlayerCharacter/HeroWeapon/BP_HeroAxe.uasset" 2229
"C:/UEprojects/Warrior/Content/PlayerCharacter/HeroWeapon/BP_HeroAxe.uexp" 2230
"C:/UEprojects/Warrior/Content/PlayerCharacter/GameplayAbility/GA_Hero_SpawnAxe.uasset" 2231
"C:/UEprojects/Warrior/Content/PlayerCharacter/GameplayAbility/GA_Hero_SpawnAxe.uexp" 2232
"C:/UEprojects/Warrior/Content/PlayerCharacter/GameplayAbility/HitPause/CameraShake_HeroMelee.uasset" 2233
"C:/UEprojects/Warrior/Content/PlayerCharacter/GameplayAbility/HitPause/CameraShake_HeroMelee.uexp" 2234
"C:/UEprojects/Warrior/Content/PlayerCharacter/GameplayAbility/HitPause/GA_Hero_HitPause.uasset" 2235
"C:/UEprojects/Warrior/Content/PlayerCharacter/GameplayAbility/HitPause/GA_Hero_HitPause.uexp" 2236
"C:/UEprojects/Warrior/Content/Assets/Textures/UI/Texture/T_UI_Circle01.uasset" 2237
"C:/UEprojects/Warrior/Content/Assets/Textures/UI/Texture/T_UI_Circle01.uexp" 2238
"C:/UEprojects/Warrior/Content/Widget/TemplateWidget/TPWBP_InputKeySlot.uasset" 2239
"C:/UEprojects/Warrior/Content/Widget/TemplateWidget/TPWBP_InputKeySlot.uexp" 2240
"C:/UEprojects/Warrior/Content/Widget/TemplateWidget/TPWBP_IconSlot.uasset" 2241
"C:/UEprojects/Warrior/Content/Widget/TemplateWidget/TPWBP_IconSlot.uexp" 2242
"C:/UEprojects/Warrior/Content/Widget/TemplateWidget/TPWBP_AbilityIconSlot.uasset" 2243
"C:/UEprojects/Warrior/Content/Widget/TemplateWidget/TPWBP_AbilityIconSlot.uexp" 2244
"C:/UEprojects/Warrior/Content/Widget/HeroWidgets/WBP_HeroOverlay.uasset" 2245
"C:/UEprojects/Warrior/Content/Widget/HeroWidgets/WBP_HeroOverlay.uexp" 2246
"C:/UEprojects/Warrior/Content/PlayerCharacter/GameplayAbility/TargetLock/GA_Hero_DrawOverlayWidget.uasset" 2247
"C:/UEprojects/Warrior/Content/PlayerCharacter/GameplayAbility/TargetLock/GA_Hero_DrawOverlayWidget.uexp" 2248
"C:/UEprojects/Warrior/Content/PlayerCharacter/GameplayEffect/GE_Hero_StartUp.uasset" 2249
"C:/UEprojects/Warrior/Content/PlayerCharacter/GameplayEffect/GE_Hero_StartUp.uexp" 2250
"C:/UEprojects/Warrior/Content/PlayerCharacter/GameplayEffect/GE_Hero_Static.uasset" 2251
"C:/UEprojects/Warrior/Content/PlayerCharacter/GameplayEffect/GE_Hero_Static.uexp" 2252
"C:/UEprojects/Warrior/Content/PlayerCharacter/DA_Hero.uasset" 2253
"C:/UEprojects/Warrior/Content/PlayerCharacter/DA_Hero.uexp" 2254
"../../../Engine/Plugins/Animation/DeformerGraph/Content/DeformerFunctions/DG_Function_LinearBlendSkin_Morph_Cloth.uasset" 2255
"../../../Engine/Plugins/Animation/DeformerGraph/Content/DeformerFunctions/DG_Function_LinearBlendSkin_Morph_Cloth.uexp" 2256
"../../../Engine/Plugins/Animation/DeformerGraph/Content/Deformers/DG_LinearBlendSkin_Morph_Cloth.uasset" 2257
"../../../Engine/Plugins/Animation/DeformerGraph/Content/Deformers/DG_LinearBlendSkin_Morph_Cloth.uexp" 2258
"../../../Engine/Plugins/Animation/DeformerGraph/Content/DeformerFunctions/DG_Function_LinearBlendSkin_Morph_Cloth_PositionOnly.uasset" 2259
"../../../Engine/Plugins/Animation/DeformerGraph/Content/DeformerFunctions/DG_Function_LinearBlendSkin_Morph_Cloth_PositionOnly.uexp" 2260
"../../../Engine/Plugins/Animation/DeformerGraph/Content/DeformerFunctions/DG_Function_ComputeNormalsTangents.uasset" 2261
"../../../Engine/Plugins/Animation/DeformerGraph/Content/DeformerFunctions/DG_Function_ComputeNormalsTangents.uexp" 2262
"../../../Engine/Plugins/Animation/DeformerGraph/Content/Deformers/DG_LinearBlendSkin_Morph_Cloth_RecomputeNormals.uasset" 2263
"../../../Engine/Plugins/Animation/DeformerGraph/Content/Deformers/DG_LinearBlendSkin_Morph_Cloth_RecomputeNormals.uexp" 2264
"../../../Engine/Plugins/NNE/NNEDenoiser/Content/NNEDT_Oidn2-3_Balanced.uasset" 2265
"../../../Engine/Plugins/NNE/NNEDenoiser/Content/NNEDT_Oidn2-3_Balanced.uexp" 2266
"../../../Engine/Plugins/NNE/NNEDenoiser/Content/NNEDT_Oidn2-3_Balanced_Alpha.uasset" 2267
"../../../Engine/Plugins/NNE/NNEDenoiser/Content/NNEDT_Oidn2-3_Balanced_Alpha.uexp" 2268
"../../../Engine/Plugins/NNE/NNEDenoiser/Content/NNED_Oidn2-3_Balanced.uasset" 2269
"../../../Engine/Plugins/NNE/NNEDenoiser/Content/NNED_Oidn2-3_Balanced.uexp" 2270
"../../../Engine/Plugins/NNE/NNEDenoiser/Content/NNED_Oidn2-3_Balanced_Alpha.uasset" 2271
"../../../Engine/Plugins/NNE/NNEDenoiser/Content/NNED_Oidn2-3_Balanced_Alpha.uexp" 2272
"../../../Engine/Plugins/NNE/NNEDenoiser/Content/NNED_Oidn2-3_Fast.uasset" 2273
"../../../Engine/Plugins/NNE/NNEDenoiser/Content/NNED_Oidn2-3_Fast.uexp" 2274
"../../../Engine/Plugins/NNE/NNEDenoiser/Content/NNED_Oidn2-3_Fast_Alpha.uasset" 2275
"../../../Engine/Plugins/NNE/NNEDenoiser/Content/NNED_Oidn2-3_Fast_Alpha.uexp" 2276
"../../../Engine/Plugins/NNE/NNEDenoiser/Content/NNED_Oidn2-3_HighQuality.uasset" 2277
"../../../Engine/Plugins/NNE/NNEDenoiser/Content/NNED_Oidn2-3_HighQuality.uexp" 2278
"../../../Engine/Plugins/NNE/NNEDenoiser/Content/NNED_Oidn2-3_HighQuality_Alpha.uasset" 2279
"../../../Engine/Plugins/NNE/NNEDenoiser/Content/NNED_Oidn2-3_HighQuality_Alpha.uexp" 2280
"../../../Engine/Content/Maps/Entry_BuiltData.uasset" 2281
"../../../Engine/Content/Maps/Entry_BuiltData.uexp" 2282
"../../../Engine/Content/Maps/Entry.uexp" 2283
"../../../Engine/Content/Maps/Entry.umap" 2284
"../../../Engine/Content/BasicShapes/Plane.ubulk" 2285
"../../../Engine/Content/BasicShapes/Plane.uasset" 2286
"../../../Engine/Content/BasicShapes/Plane.uexp" 2287
"C:/UEprojects/Warrior/Content/Assets/Sounds/Music/Ice_BossBattle01.ubulk" 2288
"C:/UEprojects/Warrior/Content/Assets/Sounds/Music/Ice_BossBattle01.uasset" 2289
"C:/UEprojects/Warrior/Content/Assets/Sounds/Music/Ice_BossBattle01.uexp" 2290
"C:/UEprojects/Warrior/Content/Assets/Textures/UI/Texture/T_UI_Button_Top01.uasset" 2291
"C:/UEprojects/Warrior/Content/Assets/Textures/UI/Texture/T_UI_Button_Top01.uexp" 2292
"C:/UEprojects/Warrior/Content/Widget/TemplateWidget/TPWBP_MainMenuButton.uasset" 2293
"C:/UEprojects/Warrior/Content/Widget/TemplateWidget/TPWBP_MainMenuButton.uexp" 2294
"C:/UEprojects/Warrior/Content/Assets/Textures/UI/Texture/T_UI_Border_02.uasset" 2295
"C:/UEprojects/Warrior/Content/Assets/Textures/UI/Texture/T_UI_Border_02.uexp" 2296
"C:/UEprojects/Warrior/Content/Widget/GameModeWidgets/WBP_OptionsScreen.uasset" 2297
"C:/UEprojects/Warrior/Content/Widget/GameModeWidgets/WBP_OptionsScreen.uexp" 2298
"C:/UEprojects/Warrior/Content/Assets/Textures/UI/Texture/T_UI_TitleLogo02.uasset" 2299
"C:/UEprojects/Warrior/Content/Assets/Textures/UI/Texture/T_UI_TitleLogo02.uexp" 2300
"C:/UEprojects/Warrior/Content/Widget/GameModeWidgets/WBP_MainMenu.uasset" 2301
"C:/UEprojects/Warrior/Content/Widget/GameModeWidgets/WBP_MainMenu.uexp" 2302
"C:/UEprojects/Warrior/Content/GameMods/BP_MainMenuGameMode.uasset" 2303
"C:/UEprojects/Warrior/Content/GameMods/BP_MainMenuGameMode.uexp" 2304
"C:/UEprojects/Warrior/Content/Assets/Niagara/MainMenuFire/NS_LoopFire.uasset" 2305
"C:/UEprojects/Warrior/Content/Assets/Niagara/MainMenuFire/NS_LoopFire.uexp" 2306
"C:/UEprojects/Warrior/Content/Assets/Textures/UI/Texture/T_UI_Runes02_N.ubulk" 2307
"C:/UEprojects/Warrior/Content/Assets/Textures/UI/Texture/T_UI_Runes02_N.uasset" 2308
"C:/UEprojects/Warrior/Content/Assets/Textures/UI/Texture/T_UI_Runes02_N.uexp" 2309
"C:/UEprojects/Warrior/Content/Assets/Textures/UI/Material/M_MainMenuBG.uasset" 2310
"C:/UEprojects/Warrior/Content/Assets/Textures/UI/Material/M_MainMenuBG.uexp" 2311
"C:/UEprojects/Warrior/Content/Maps/MainMenuMap.uexp" 2312
"C:/UEprojects/Warrior/Content/Maps/MainMenuMap.umap" 2313
"C:/UEprojects/Warrior/Content/GameMods/DT_EnemyWaveSpawner.uasset" 2314
"C:/UEprojects/Warrior/Content/GameMods/DT_EnemyWaveSpawner.uexp" 2315
"C:/UEprojects/Warrior/Content/Assets/Sounds/Music/Dungeons_EndBossBattle.ubulk" 2316
"C:/UEprojects/Warrior/Content/Assets/Sounds/Music/Dungeons_EndBossBattle.uasset" 2317
"C:/UEprojects/Warrior/Content/Assets/Sounds/Music/Dungeons_EndBossBattle.uexp" 2318
"C:/UEprojects/Warrior/Content/Widget/GameModeWidgets/WBP_WaveTextNoCountDown.uasset" 2319
"C:/UEprojects/Warrior/Content/Widget/GameModeWidgets/WBP_WaveTextNoCountDown.uexp" 2320
"C:/UEprojects/Warrior/Content/Widget/GameModeWidgets/WBP_WaveTextWithCountDown.uasset" 2321
"C:/UEprojects/Warrior/Content/Widget/GameModeWidgets/WBP_WaveTextWithCountDown.uexp" 2322
"C:/UEprojects/Warrior/Content/GameMods/BP_SurvialGameMode.uasset" 2323
"C:/UEprojects/Warrior/Content/GameMods/BP_SurvialGameMode.uexp" 2324
"C:/UEprojects/Warrior/Content/Maps/CombatTestMap.uexp" 2325
"C:/UEprojects/Warrior/Content/Maps/CombatTestMap.umap" 2326
